#,Ethn+,App,Workshop,Doubles,Country,Speakers,Script,Status,"MONTH
PROJECT
FOLDER
CREATED","MONTH
1st APP
COM-
PLETED",CONCAT,"Min
API
(man)","Font
(manual)","Key
Store
(man)","SIL
Logo
(man)","Image
Collection","Res
Size
(MB)","Target
SDK","Last
Drive
Ver","Sent
On","Last
Play
Store
Ver","Play
Store
Host","Up
loaded
On","Firebase
Project","Lang
Pack
(Github)","Promo
on
social
media?","Private
Github",Comments,Lg Rank
1,abs1,absTesting1,,no,Testing Land,0,Latin,preparing,11/1/24,,Testing Land_preparing,-,-,-,-,,-,,-,,-,,,,-,-,-,,907
2,abs2,absTesting2,,no,Testing Land,0,Latin,preparing,11/1/24,,Testing Land_preparing,-,-,-,-,,-,,-,,-,,,,-,-,-,,907
3,acf,acfKweyol,,no,Saint Lucia,"688,953",Latin,preparing,9/1/21,,Saint Lucia_preparing,-,-,-,-,,-,,-,,-,,,,-,-,-,,783
4,agz,agzInagta,,no,Philippines,"1,500",Latin,preparing,2/1/25,,Philippines_preparing,-,-,-,-,,-,,-,,-,,,,-,-,-,,4830
5,ahk,ahkAkha,,no,China,"240,000",Latin,Play Store,12/1/21,6/1/22,China_Play Store,21,"charis
sil",AT,yes,,29,36,2.8.0,9/9/25,2.8.0,AT,9/4/25,2,G01100,-,-,,567
6,ajg,ajgAja,Kenya 2024,no,Benin,"1,280,000",Latin,team,5/1/24,6/1/24,Benin_team,-,-,-,-,,-,,-,,-,,,5,-,-,-,,408
7,ajz,ajzAmriKarbi,,no,India,"125,000",Latin,Play Store,10/1/20,2/1/21,India_Play Store,21,"charis
sil",AT,yes,"local artist, freepik.com, pixabay.com",28,34,1.7.7.4,7/26/24,1.7.7.4,AT,7/26/24,1,-,no,In Private GitHub,,1258
8,akb,akbBatakAngkola,Suluh Feb 2025,no,Indonesia,"535,000",Latin,team,2/1/25,6/1/25,Indonesia_team,21,"andika
new
basic",AT,yes,"ARCODI, Flaticon, The Mission Global",37,35,2.6.4,6/16/25,-,,,,-,-,-,,508
9,ake,akeAkawaio,,no,Guyana,"4,500",Latin,team,3/1/25,8/1/25,Guyana_team,21,"charis
sil",AT,yes,,59,36,2.8.1 (185),9/16/25,-,-,-,8,-,-,-,,3718
10,alzJnm,alzJnmJonam,,no,Democratic Republic of the Congo,"2,530,000",Latin,preparing,3/1/25,,Democratic Republic of the Congo_preparing,-,-,-,-,,-,,-,,-,,,,-,-,-,,318
11,ame,ameYanesha,,no,Peru,"7,520",Latin,preparing,9/1/22,,Peru_preparing,-,-,-,-,,-,,-,,-,,,,-,-,-,,3455
12,amf,amfHamar,,no,Ethiopia,"81,520",Latin,Play Store,4/1/23,9/1/23,Ethiopia_Play Store,21,"charis
sil",AT,yes,,20,36,1.5.0,10/21/23,2.9.0.1,AT,10/31/25,2,J10000,-,-,,1588
13,amu,amuAmuzgoGuerrero,,no,Mexico,"45,900",Latin,preparing,4/1/22,,Mexico_preparing,-,-,-,-,,-,,-,,-,,,,-,-,-,,1920
14,amu2,amuAmuzgoGuerreroB,,yes,Mexico,"45,900",Latin,preparing,11/1/23,,Mexico_preparing,-,-,-,-,,-,,-,,-,,,,-,-,-,,1919
15,ann,annObolo,,no,Nigeria,"250,000",Latin,Play Store,10/1/21,1/1/22,Nigeria_Play Store,19,"charis
sil",AT,yes,,25,32,0.9.5,8/13/22,-,AT,,2,F01100,-,-,,907
16,any,anyAnyin,,no,Ivory Coast,"1,450,000",Latin,preparing,9/1/22,,Ivory Coast_preparing,-,-,-,-,,-,,-,,-,,,,-,-,-,,352
17,arn,arnMapudungun,,no,Chile,"258,410",Latin,preparing,11/1/25,,Chile_preparing,-,-,-,-,,-,,-,,-,,,,-,-,-,,
18,asj,asjSari,,no,Cameroon,"7,600",Latin,preparing,10/1/25,,Cameroon_preparing,-,-,-,-,,-,,-,,-,,,,-,-,-,,
19,azb,azbTurkmen,,no,Iran,"14,629,370",Arabic,preparing,2/1/23,,Iran_preparing,-,-,-,-,,-,,-,,-,,,,-,-,-,,88
20,bam,bamBambara,,no,Mali,"14,188,850",Latin,team,10/1/24,12/1/24,Mali_team,21,"charis
sil",AT,yes,,35,35,2.4.4,1/22/25,-,,,6,-,-,-,,196
21,ban,banBali,Suluh Feb 2025,no,Indonesia,"3,306,300",Latin,preparing,2/1/25,,Indonesia_preparing,-,-,-,-,"ARCODI, 
The Mission Global, Flaticon,
Canva",-,,-,,-,,,,-,-,-,,780
22,bas,basBassa,Kenya 2024,no,Cameroon,"300,000",Latin,team,6/1/24,6/1/24,Cameroon_team,21,"andika
new
basic",AT,yes,,25,34,1.7.7,6/30/24,-,,,4,-,-,-,,818
23,bbj,bbjGhomala,,no,Cameroon,"29,000",Latin,preparing,7/1/24,,Cameroon_preparing,-,-,-,-,,-,,-,,-,,,,-,-,-,,759
24,bbk,bbkKejom,Cameroon 2025,no,Cameroon,"39,000",Latin,team,7/1/24,9/1/25,Cameroon_team,21,"andika
new
basic",FB,yes,,19,36,2.8.0,9/25/25,-,,,,-,-,-,,2046
25,bcw,bcwBana,,no,Cameroon,"23,000",Latin,preparing,3/1/23,,Cameroon_preparing,-,-,-,-,,-,,-,,-,,,,-,-,-,,2429
26,bcw2,bcwBana2,,yes,Cameroon,"23,000",Latin,preparing,3/1/25,,Cameroon_preparing,-,-,-,-,,-,,-,,-,,,,-,-,-,,2429
27,bcy,bcyBwatiye,Kenya 2024,no,Nigeria,"304,000",Latin,Play Store,5/1/24,6/1/24,Nigeria_Play Store,21,"andika
new
basic",AT,yes,,,35,2.4.4,1/29/25,2.4.4,"IPS, Nigeria",1/29/25,4,-,-,-,,1166
28,bda,bdaBayot,Senegal 2026,no,Senegal,"36,800",Latin,team,1/1/26,2/1/26,Senegal_team,21,"andika
new
basic",SIL Senegal,yes,,,36,-,2/11/26,-,,,6b,,,,,
29,bdg,bdgBonggi,,no,Malaysia,"1,400",Latin,team,2/1/25,2/1/25,Malaysia_team,21,"andika
new
basic",AT,yes,"ARCODI, Flaticon, The Mission Global",,35,2.5.8,4/22/25,,,,6,-,-,-,,4886
30,bdv,bdvBodoParja,,no,India,"50,000",Kalinga,team,2/1/24,2/1/24,India_team,?,?,?,?,,?,?,?,?,-,,,4,-,-,-,"Created by Anita in Bangalore workshop Feb 5-9, Aaron hasn't seen the app yet",1837
31,bec,becIceve,,no,Cameroon,"12,000",Latin,Play Store,9/1/21,12/1/21,Cameroon_Play Store,21,"charis
sil",Kalaam,yes,,12,32,1.2.3,2/16/23,1.2.3,"IPS, Cameroon",3/7/23,2,G01100,-,-,,2961
32,bfy,bfyBagheli,,no,India,"2,680,000",Devanagari,Play Store,10/1/24,6/1/25,India_Play Store,21,unknown,"Wyc
India",unknown,"pexels.com, unsplash.com, flaticon.com",unknown,unknown,unknown,unknown,2.1.4,W P T,1/29/25,,-,-,-,,240
33,bgd,bgdRathwiBareli,GK Team,no,India,"359,000",Devanagari,team,2/1/24,8/1/24,India_team,?,?,?,?,"unsplash.com, pexels.com",?,?,?,?,-,,,,-,-,-,,751
34,bgi,bgiBagoboKlata,,no,Philippines,"58,500",Latin,preparing,2/1/25,,Philippines_preparing,-,-,-,-,,-,,-,,-,,,,-,-,-,,1754
35,bgq,bgqBagri,,no,India,"1,890,000",Devanagari,Play Store,10/1/24,6/1/25,India_Play Store,21,unknown,"Wyc
India",unknown,"pexels.com, unsplash.com, flaticon.com",unknown,unknown,unknown,unknown,2.4.6,W P T,3/6/25,,-,-,-,,275
36,bha,bhaBharia,,no,India,"197,000",Devanagari,Play Store,10/1/24,6/1/25,India_Play Store,21,unknown,"Wyc
India",unknown,"pexels.com, unsplash.com, flaticon.com",unknown,unknown,unknown,unknown,2.4.6,W P T,3/6/25,,-,-,-,,1029
37,bhs,bhsBuwal,Cameroon 2025,no,Cameroon,"10,000",Latin,team,7/1/24,9/1/25,Cameroon_team,21,"charis
sil",FB,yes,,22,36,2.8.0,9/25/25,-,,,,-,-,-,,3109
38,bjn,bjnBanjar,Suluh Feb 2025,no,Indonesia,"3,655,000",Latin,team,2/1/25,4/1/25,Indonesia_team,35,"andika
new
basic",AT,yes,"ARCODI, Flaticon, The Mission Global, Canva",27.6,21,2.5.2,4/10/25,-,,,6,-,-,-,,209
39,bjt,bjtBalante,Senegal 2026,no,Senegal,"134,000",Latin,team,1/1/26,2/1/26,Senegal_team,21,"andika
new
basic",SIL Senegal,yes,,-,36,-,2/11/26,-,,,6b,,,,,
40,bkm,bkmKom,,no,Cameroon,"233,000",Latin,preparing,2/1/26,,Cameroon_preparing,-,-,-,-,,-,,-,,-,,,,-,-,-,,
41,bkx,bkxBaikeno,,no,East Timor,"71,880",Latin,preparing,8/1/25,,East Timor_preparing,-,-,-,-,,-,,-,,-,,,,-,-,-,,1597
42,blo,bloAnii,,no,Benin,"58,800",Latin,preparing,5/1/23,,Benin_preparing,-,-,-,-,,-,,-,,-,,,,-,-,-,,1887
43,blz,blzBalantak,,no,Indonesia,"20,500",Latin,preparing,1/1/26,,Indonesia_preparing,-,-,-,-,,-,,-,,-,,,,-,-,-,,
44,blz,blzBalantak,,no,Indonesia,"20,500",Latin,preparing,1/1/26,,Indonesia_preparing,-,-,-,-,,-,,-,,-,,,,-,-,-,,
45,bmo,bmoChrambo,,no,Cameroon,"350,000",Latin,preparing,7/1/24,,Cameroon_preparing,-,-,-,-,,-,,-,,-,,,,-,-,-,,2262
46,bnm,bnmBatanga,,no,Cameroon,"13,750",Latin,preparing,3/1/23,,Cameroon_preparing,-,-,-,-,,-,,-,,-,,,,-,-,-,,2876
47,bns,bnsBundeli,,no,India,"5,630,000",Devanagari,preparing,2/1/24,,India_preparing,-,-,-,-,,-,,-,,-,,,,-,-,-,,157
48,bqj,bqjBandial,Senegal 2026,no,Senegal,"18,100",Latin,team,1/1/26,2/1/26,Senegal_team,21,"andika
new
basic",SIL Senegal,yes,,,36,-,2/11/26,-,,,6b,,,,,
49,bra,braBrajbhasha,GK Team,no,India,"1,560,000",Devanagari,team,2/1/24,2/1/24,India_team,?,?,?,?,"unsplash.com, pexels.com",?,?,?,?,-,,,4,-,-,-,"Created by Anita in Bangalore workshop Feb 5-9, Aaron hasn't seen the app yet",338
50,bri,briMokpwe,,no,Cameroon,"20,000",Latin,preparing,9/1/25,,Cameroon_preparing,-,-,-,-,,-,,-,,-,,,,-,-,-,,2514
51,bug,bugBugis,Suluh Feb 2025,no,Indonesia,"4,398,800",Latin,preparing,2/1/25,,Indonesia_preparing,-,-,-,-,"ARCODI, Flaticon, The Mission Global, Canva",-,,-,,-,,,,-,-,-,,202
52,bum,bumBulu,,no,Cameroon,"1,658,000",Latin,preparing,9/1/25,,Cameroon_preparing,-,-,-,-,,-,,-,,-,,,,-,-,-,,433
53,bxk,bxkBukusu,,no,Kenya,"1,227,100",Latin,preparing,7/1/24,,Kenya_preparing,-,-,-,-,,-,,-,,-,,,,-,-,-,,357
54,bzi,bziBisu,,no,Thailand,700,Thai,preparing,7/1/22,,Thailand_preparing,-,-,-,-,,-,,-,,-,,,,-,-,-,,5374
55,cab,cabGarifuna,,no,Honduras,"43,100",Latin,preparing,11/1/23,,Honduras_preparing,-,-,-,-,,-,,-,,-,,,,-,-,-,,1084
56,cae,caeLaalaa,Senegal 2026,no,Senegal,"19,500",Latin,team,1/1/26,2/1/26,Senegal_team,21,"andika
new
basic",SIL Senegal,yes,,-,36,-,2/6/26,-,,,6b,-,-,-,,
57,cak,cakKaqchikel,,no,Guatemala,"411,000",Latin,preparing,11/1/23,,Guatemala_preparing,-,-,-,-,,-,,-,,-,,,,-,-,-,,697
58,cbl,cblBualkhawChin,,no,Myanmar,"15,000",Latin,preparing,2/1/25,,Myanmar_preparing,-,-,-,-,,-,,-,,-,,,,-,-,-,,4389
59,cbr,cbrCacataibo,,no,Peru,"2,780",Latin,preparing,7/1/21,,Peru_preparing,-,-,-,-,,-,,-,,-,,,,-,-,-,,4335
60,cek,cekKaniseKhumiChin,EMDC 2024,no,Myanmar,"5,700",Latin,team,5/1/24,5/1/24,Myanmar_team,21,"charis
sil",AT,yes,Flaticon,27,35,2.6.0,5/15/25,-,,,,-,-,-,,2947
61,cek2,cekLemiChin2,,anotherVariety,Myanmar,"12,000",Latin,preparing,3/1/25,,Myanmar_preparing,-,-,-,-,mixed - includes Flaticon,-,,-,,-,,,,-,-,-,,2946
62,cey,ceyEkaiChin,,no,Myanmar,"6,000",Latin,team,6/1/22,7/1/25,Myanmar_team,21,"andika
new
basic",AT,yes,local artist,34,36,2.7.0,7/2/25,-,,,6,-,-,-,,3619
63,cfm,cfmFalamChin,,no,Myanmar,"107,900",unconfirmed,preparing,2/1/25,,Myanmar_preparing,-,-,-,-,,-,,-,,-,,,,-,-,-,,1323
64,cgc,cgcKagayanen,,no,Philippines,"30,000",Latin,preparing,6/1/22,,Philippines_preparing,-,-,-,-,,-,,-,,-,,,,-,-,-,,2182
65,chn,chnChinookWawa,,no,United States,"1,000",Latin,preparing,1/1/24,,United States_preparing,-,-,-,-,,-,,-,,-,,,,-,-,-,,#N/A
66,chp,chpLutselkeDene,,no,Canada,"11,600",Latin,preparing,1/1/24,,Canada_preparing,-,-,-,-,,-,,-,,-,,,,-,-,-,,3055
67,cjo,cjoAsheninkaGranPajonal,,no,Peru,"12,000",Latin,team,1/1/24,2/1/24,Peru_team,21,"charis
sil",AT,yes,,65,35,2.3.3,12/2/24,-,,,,-,-,-,,2941
68,ckb,ckbSorani,,no,Iraq,"5,287,840",Arabic,Play Store,1/1/24,11/1/24,Iraq_Play Store,21,notosansarabic,AT,yes,Flaticon,35,36,2.8.0.2 [cf2.8.0],1/6/26,2.8.0.2 [cf2.8.0],AT,1/6/26,,-,-,-,,184
69,cmiE,cmiEbera,,yes,Colombia,"5,510",Latin,preparing,4/1/23,,Colombia_preparing,-,-,-,-,,-,,-,,-,,,,-,-,-,,3714
70,cmiEC,cmiEmberaChami,Kenya 2024,no,Colombia,"5,510",Latin,Play Store,5/1/21,6/1/24,Colombia_Play Store,21,"andika
new
basic",AT,yes,,34,34,2.5.0,3/19/25,2.5.2,AT,4/1/25,4,-,-,-,,3714
71,cmo,cmoCentralMnong,,no,Viet Nam,"70,000",Khmer,Play Store,5/1/23,2/1/24,Viet Nam_Play Store,21,khmerbusra bunong,AT,yes,Flaticon,15,35,2.4.6,3/3/25,2.4.6,AT,3/7/25,,-,-,-,,1601
72,cmr,cmrMro,,no,Myanmar,"75,000",Latin,preparing,3/1/25,,Myanmar_preparing,-,-,-,-,mixed - includes Flaticon,-,,-,,-,,,,-,-,-,,1556
73,cnl,cnlLalana,CSEIIO May 2025,no,Mexico,"10,700",Latin,preparing,3/1/25,,Mexico_preparing,-,-,-,-,,-,,-,,-,,,,-,-,-,,3050
74,cou,couWamey,,no,Senegal,"50,200",Latin,Play Store,7/1/21,6/1/22,Senegal_Play Store,21,"charis
sil",AT,yes,,18,32,1.2.0,1/27/23,1.2.0,AT,1/27/23,2,G11100,-,-,,2170
75,coz,cozNgiba,,no,Mexico,850,Latin,preparing,8/1/22,,Mexico_preparing,-,-,-,-,,-,,-,,-,,,,-,-,-,,5347
76,csh,cshAshoChin,,no,Myanmar,"174,000",unconfirmed,preparing,2/1/25,,Myanmar_preparing,-,-,-,-,,-,,-,,-,,,,-,-,-,,1076
77,csk,cskKassa,Senegal 2026,no,Senegal,"66,000",Latin,team,1/1/26,2/1/26,Senegal_team,21,"andika
new
basic",SIL Senegal,yes,,,36,-,2/10/26,-,,,6b,,,,,
78,cso,csoSochiapam,CSEIIO 2024,no,Mexico,"3,590",Latin,team,8/1/24,9/1/24,Mexico_team,21,"charis
sil",AT,yes,,16,34,2.1.2,9/12/24,-,,,5,-,-,-,,4094
79,ctd,ctdTedimChin,,no,Myanmar,"411,000",unconfirmed,preparing,5/1/23,,Myanmar_preparing,-,-,-,-,,-,,-,,-,,,,-,-,-,,690
80,cte,cteTepinapa,Mexico 2024,no,Mexico,"11,800",Latin,team,12/1/23,1/1/24,Mexico_team,21,"charis
sil",AT,yes,,28,34,1.6.3,1/27/24,-,,,3,-,-,-,,2985
81,cte2,cteTepinapa2,CSEIIO May 2025,yes,Mexico,"11,800",Latin,team,5/1/25,5/1/25,Mexico_team,21,"charis
sil",AT,yes,,21,35,2.6.1,5/30/25,-,,,,-,-,-,,2984
82,cux,cuxSantosReyesPapalo,CSEIIO May 2025,no,Mexico,"8,680",Latin,team,3/1/25,5/1/25,Mexico_team,21,"charis
sil",AT,yes,,26,35,2.6.3,5/30/25,-,,,,-,-,-,,3298
83,cwe,cweKwere,,no,Tanzania,"152,000",Latin,preparing,9/1/22,,Tanzania_preparing,-,-,-,-,,-,,-,,-,,,,-,-,-,,1144
84,cya,cyaTiltepec,Mexico 2024,no,Mexico,"8,940",Latin,team,12/1/23,1/1/24,Mexico_team,21,"charis
sil",AT,yes,,40,34,1.5.8,1/11/24,-,,,3,-,-,-,,3279
85,czn,cznZenzontepec,,yes,Mexico,"8,490",Latin,preparing,4/1/23,,Mexico_preparing,-,-,-,-,,-,,-,,-,,,,-,-,-,,3304
86,czn2,cznZenzontepec2,CSEIIO 2024,no,Mexico,"8,490",Latin,team,8/1/24,9/1/24,Mexico_team,21,"charis
sil",AT,yes,,26,36,2.9.3,2/17/26,-,,,5,-,-,-,,3304
87,czn3,cznZenzontepec3,CSEIIO 2024,yes,Mexico,"8,490",Latin,team,8/1/24,9/1/24,Mexico_team,21,"charis
sil",AT,yes,,17,34,2.1.2,9/12/24,-,,,5,-,-,-,,3304
88,daa,daaDangalear,,no,Chad,"128,000",Latin,team,3/1/25,4/1/25,Chad_team,21,"andika
new
basic",AT,yes,,30,35,2.5.2,4/2/25,-,,,7,-,-,-,,1685
89,dao,daoDaai,,no,Myanmar,"37,000",Latin,preparing,3/1/25,,Myanmar_preparing,-,-,-,-,mixed - includes Flaticon,-,,-,,-,,,,-,-,-,,2046
90,dao2,daoDaaYindu2,,anotherVariety,Myanmar,"37,000",Latin,preparing,3/1/25,,Myanmar_preparing,-,-,-,-,,-,,-,,-,,,,-,-,-,,2046
91,dbq,dbqDaba,,no,Cameroon,"25,000",Latin,preparing,6/1/23,,Cameroon_preparing,-,-,-,-,,-,,-,,-,,,,-,-,-,,2325
92,ddg,ddgFataluku,,no,East Timor,"51,160",Latin,preparing,8/1/25,,East Timor_preparing,-,-,-,-,,-,,-,,-,,,,-,-,-,,2046
93,deu,deuGerman,,no,Germany,"80,720,000",Latin,Play Store,8/1/24,9/1/24,Germany_Play Store,21,"charis
sil",AT,yes,,29,34,2.1.2,9/14/24,2.1.2,AT,9/14/24,,-,-,-,,28
94,dhd,dhdDhundari,GK Team,no,India,"1,480,000",Devanagari,team,2/1/24,8/1/24,India_team,?,?,?,?,"unsplash.com, pexels.com",?,?,?,?,-,,,,-,-,-,,348
95,dkx,dkxMazagwayHidi,,no,Cameroon,"35,000",Latin,preparing,3/1/25,,Cameroon_preparing,-,-,-,-,,-,,-,,-,,,,-,-,-,,2085
96,dnw,dnwLani,,no,Indonesia,"180,000",Latin,preparing,8/1/21,,Indonesia_preparing,-,-,-,-,Art of Reading,-,,-,,-,,,,-,-,-,,1049
97,drg,drgRungus,,no,Malaysia,"55,000",Latin,preparing,4/1/21,,Malaysia_preparing,-,-,-,-,,-,,-,,-,,,,-,-,-,,1760
98,dtp,dtpKadazandusun,,no,Malaysia,"264,000",Latin,preparing,4/1/21,,Malaysia_preparing,-,-,-,-,,-,,-,,-,,,,-,-,-,,864
99,dtr,dtrLotud,,no,Malaysia,"20,000",Latin,preparing,4/1/21,,Malaysia_preparing,-,-,-,-,,-,,-,,-,,,,-,-,-,,2488
100,dtr2,dtrLotud2,,no,Malaysia,"20,000",Latin,team,3/1/25,3/1/25,Malaysia_team,21,"andika
new
basic",AT,yes,"ARCODI, plus others",45,35,2.5.2,3/28/2025,-,,,6,-,-,-,,2488
101,dts,dtsDogoso,Kenya 2024,no,Mali,"50,000",Latin,team,3/1/23,6/1/24,Mali_team,-,-,-,-,,-,,-,,-,,,,-,-,-,,1808
102,duu,duuDulong,,no,China,"14,000",Latin,preparing,8/1/22,,China_preparing,-,-,-,-,,-,,-,,-,,,,-,-,-,,2808
103,dux,duxDuun,,no,Mali,"150,000",Latin,preparing,4/1/22,,Mali_preparing,-,-,-,-,,-,,-,,-,,,,-,-,-,,1146
104,dwk,dwkDawikKui,,no,India,"200,000",Odiya,preparing,11/1/24,,India_preparing,-,-,-,-,,-,,-,,-,,,,-,-,-,,986
105,dyo,dyoFonyi,Senegal 2026,no,Senegal,"601,100",Latin,team,1/1/26,2/1/26,Senegal_team,21,"andika
new
basic",SIL Senegal,yes,,-,36,-,2/10/26,-,,,6b,-,-,-,,
106,dyu,dyuJula,,no,Ivory Coast,"1,500,000",Latin,preparing,12/1/23,,Ivory Coast_preparing,-,-,-,-,,-,,-,,-,,,,-,-,-,,261
107,dzg,dzgDazaga,,yes,Chad,"699,200",Latin,preparing,10/1/23,,Chad_preparing,-,-,-,-,,-,,-,,-,,,,-,-,-,,537
108,dzg2,dzgDazaga2,,no,Chad,"699,200",Latin,team,1/1/25,2/1/25,Chad_team,21,"charis
sil",AT,yes,Flaticon,28,35,2.4.6.1 (164),3/7/25,-,,,6,-,-,-,,537
109,eng,engEnglish,,yes,United Kingdom,"379,682,200",Latin,preparing,7/1/23,,United Kingdom_preparing,-,-,-,-,,-,,-,,-,,,6,-,-,-,,3
110,eng2,engEnglish2,,yes,United Kingdom,"379,682,200",Latin,preparing,2/1/24,,United Kingdom_preparing,-,-,-,-,,-,,-,,-,,,,-,-,-,,3
111,eng3,engEnglish3,,no,United Kingdom,"379,682,200",Latin,team,2/1/24,2/1/24,United Kingdom_team,21,"charis
sil",LizP,yes,Flaticon,37,22,2.0.2,5/24/24,-,,,3rd party,-,-,-,test app - Animals in Englsih,3
112,eng4,engEnglish4,,yes,United Kingdom,"379,682,200",Latin,Play Store,12/1/24,9/1/25,United Kingdom_Play Store,21,"andika
new
basic",AT,yes,"Flaticon, ARCODI",,36,2.8.0,9/18/25,-,,,,-,-,-,,3
113,esg,esgGawrani,,no,India,"150,000",Devanagari,preparing,2/1/24,,India_preparing,-,-,-,-,,-,,-,,-,,,,-,-,-,,1145
114,esn,esnLESSA,,no,El Salvador,"26,000",Signed,preparing,11/1/24,,El Salvador_preparing,-,-,-,-,,-,,-,,-,,,,-,-,-,,3239
115,ewo,ewoEwondo,,no,Cameroon,"578,000",Latin,preparing,10/1/25,,Cameroon_preparing,-,-,-,-,,-,,-,,-,,,,-,-,-,,3239
116,ewo2,ewoEwondo2,,yes,Cameroon,"578,000",Latin,preparing,2/1/26,,Cameroon_preparing,-,-,-,-,,-,,-,,-,,,,-,-,-,,
117,fag,fagFinongan,,no,Papua New Guinea,"1,140",Latin,Play Store,3/1/23,7/1/24,Papua New Guinea_Play Store,21,"charis
sil",AT,yes,"Flaticon, plus others",39.7,?,1.7.7.3,7/17/24,1.7.7.3,Amazon: West Erap Apps,7/24/24,,-,-,-,,4873
118,fil,filFilipino,,no,Philippines,?,Latin,preparing,5/1/23,,Philippines_preparing,-,-,-,-,,-,,-,,-,,,,-,-,-,,#N/A
119,fmu,fmuMuria,,no,India,"400,000",Devanagari,preparing,10/1/24,,India_preparing,-,-,-,-,"pexels.com, unsplash.com, flaticon.com",-,,-,,-,,,,-,-,-,,694
120,fub,fubAdamawaFulfulde,,no,Cameroon,"5,673,600",Latin,preparing,3/1/23,,Cameroon_preparing,-,-,-,-,,-,,-,,-,,,,-,-,-,,391
121,fuc,fucPulaar,,no,Senegal,"6,661,700",Latin,preparing,4/1/22,,Senegal_preparing,-,-,-,-,,-,,-,,-,,,,-,-,-,,160
122,fuc2,fucPulaar2,Senegal 2026,yes,Senegal,"6,661,700",Latin,team,1/1/26,2/1/26,Senegal_team,21,"andika
new
basic",SIL Senegal,yes,,-,36,-,2/6/26,-,,,6b,-,-,-,,160
123,fuf,fufPular,,no,Guinea,"4,866,080",Latin,preparing,7/1/25,,Guinea_preparing,-,-,-,-,,-,,-,,-,,,,-,-,-,,159
124,fuvF,fuvFulfulde,,no,Nigeria,"16,585,000",Latin,team,2/1/24,6/1/25,Nigeria_team,21,"andika
new
basic",JamesMacD,yes,,21,35,2.6.1,5/22/25,-,,,8,-,-,-,,81
125,gal,galGalolen,,no,East Timor,"22,230",Latin,preparing,8/1/25,,East Timor_preparing,-,-,-,-,,-,,-,,-,,,,-,-,-,,2843
126,gbm,gbmBangani,GK Team,no,India,"2,480,000",Devanagari,team,2/1/24,8/1/24,India_team,?,?,?,?,"unsplash.com, pexels.com",?,?,?,?,-,,,,-,-,-,,244
127,gbr,gbrGbagyi,,no,Nigeria,"1,400,000",Latin,preparing,11/1/25,,Nigeria_preparing,-,-,-,-,,-,,-,,-,,,,-,-,-,,
128,gej,gejGen,,no,Togo,"620,000",Latin,preparing,3/1/23,,Togo_preparing,-,-,-,-,,-,,-,,-,,,,-,-,-,,567
129,gju,gjuGojri,,no,India,"1,696,000",Arabic,preparing,6/1/23,,India_preparing,-,-,-,-,,-,,-,,-,,,,-,-,-,,317
130,glh,glhPashai,Kenya 2024,no,Afghanistan,"66,800",Arabic,team,5/1/24,6/1/24,Afghanistan_team,-,-,-,-,ARCODI,-,,-,,-,,,,-,-,-,,1586
131,gna,gnaKaansa,,no,Burkina Faso,"6,000",Latin,team,3/1/23,7/1/24,Burkina Faso_team,-,-,-,-,,-,,-,,-,,,,-,-,-,,3584
132,gnd2,gndGemzek2,,anotherVariety,Cameroon,"26,000",Latin,preparing,3/1/25,,Cameroon_preparing,-,-,-,-,,-,,-,,-,,,,-,-,-,,2279
133,gnd,gndZulogoMinew,,no,Cameroon,"26,000",Latin,preparing,3/1/25,,Cameroon_preparing,-,-,-,-,,-,,-,,-,,,,-,-,-,,2279
134,gou,gouGavar,,no,Cameroon,"15,000",Latin,preparing,3/1/23,,Cameroon_preparing,-,-,-,-,,-,,-,,-,,,,-,-,-,,2729
135,gsl,gslGusiilaay,,no,Senegal,"21,800",Latin,Play Store,7/1/22,8/1/22,Senegal_Play Store,21,"andika
new
basic",AT,yes,,23,26,2.8.0,8/25/25,2.8.0,AT,8/25/25,2,J10010,-,-,,2430
136,gug,gugGuarani,,no,Paraguay,"6,540,000",Latin,preparing,7/1/22,,Paraguay_preparing,-,-,-,-,,-,,-,,-,,,,-,-,-,,140
137,guq,guqAche,,no,Paraguay,910,Latin,preparing,9/1/25,,Paraguay_preparing,-,-,-,-,,-,,-,,-,,,,-,-,-,,5162
138,guz,guzEkegusii,,yes,Kenya,"3,200,000",Latin,preparing,2/1/22,,Kenya_preparing,-,-,-,-,,-,,-,,-,,,4,-,-,-,,260
139,guz2,guzEkegusii2,Kenya 2024,no,Kenya,"3,200,000",Latin,team,6/1/24,6/1/24,Kenya_team,-,-,-,-,,-,,-,,-,,,4,-,-,-,,260
140,gwc,gwcGawri,Dubai 2025,no,Pakistan,"100,000",Arabic,team,6/1/24,4/1/25,Pakistan_team,21,scheherazade_new,AT,yes,"GCDP, SIL Global",,35,2.5.8 (cf),4/22/25,-,,,7,-,-,-,,1466
141,gwr,gwrGwere,,no,Uganda,"876,000",Latin,team,4/1/25,1/1/26,Uganda_team,21,"charis
sil",AT,yes,,29,36,2.9.1,1/22/26,-,,,8,-,-,-,,
142,hak,hakHakkaChinese,,no,China,"36,300,000",Latin,preparing,12/1/25,,China_preparing,-,-,-,-,,-,,-,,-,,,,-,-,-,,
143,has,hasHaisla,,no,Canada,89,Latin,preparing,1/1/24,,Canada_preparing,-,-,-,-,,-,,-,,-,,,,-,-,-,,5886
144,hat,hatHaitianCreole,,no,Haiti,"6,960,000",Latin,preparing,7/1/21,,Haiti_preparing,-,-,-,-,,-,,-,,-,,,,-,-,-,,127
145,hat2,hatHaitianCreole2,,no,Haiti,"6,960,000",Latin,preparing,10/1/25,,Haiti_preparing,-,-,-,-,,-,,-,,-,,,,-,-,-,,127
146,hav,havHavu,,no,Democratic Republic of the Congo,"506,000",Latin,preparing,5/1/23,,Democratic Republic of the Congo_preparing,-,-,-,-,,-,,-,,-,,,,-,-,-,,604
147,haz,hazHazaragi,,no,Afghanistan,"3,628,900",Arabic,preparing,2/1/23,,Afghanistan_preparing,-,-,-,-,,-,,-,,-,,,,-,-,-,,205
148,hbb,hbbNyaHuba,,no,Nigeria,"355,000",Latin,preparing,10/1/22,,Nigeria_preparing,-,-,-,-,,-,,-,,-,,,,-,-,-,,758
149,hin,hinHindi01,,no,India,"609,454,770",Devanagari,preparing,1/1/24,,India_preparing,-,-,-,-,"pexels.com, unsplash.com, flaticon.com",-,,-,,-,,,,-,-,-,,6
150,hin2,hinHindi02,,yes,India,0,Devanagari,preparing,1/1/24,,India_preparing,-,-,-,-,,-,,-,,-,,,,-,-,-,,6
151,hin3,hinHindi03,,yes,India,0,Devanagari,preparing,1/1/24,,India_preparing,-,-,-,-,pexels.com,-,,-,,-,,,,-,-,-,,6
152,hin4,hinHindi04,,yes,India,0,Devanagari,preparing,1/1/24,,India_preparing,-,-,-,-,pexels.com,-,,-,,-,,,,-,-,-,,6
153,hin5,hinHindi05,,yes,India,0,Devanagari,preparing,1/1/24,,India_preparing,-,-,-,-,"pexels.com, unsplash.com",-,,-,,-,,,,-,-,-,,6
154,hin6,hinHindi06,,yes,India,0,Devanagari,preparing,1/1/24,,India_preparing,-,-,-,-,,-,,-,,-,,,,-,-,-,,6
155,hin7,hinHindi07,,yes,India,0,Devanagari,preparing,1/1/24,,India_preparing,-,-,-,-,,-,,-,,-,,,,-,-,-,,6
156,hin15,hinHindi15,,yes,India,0,Devanagari,preparing,1/1/24,,India_preparing,-,-,-,-,,-,,-,,-,,,,-,-,-,,6
157,hneBai,hneBaiga,,yesButHow,India,"16,300,000",Devanagari,Play Store,10/1/24,6/1/25,India_Play Store,21,unknown,"Wyc
India",unknown,"pexels.com, unsplash.com, flaticon.com",unknown,unknown,unknown,unknown,2.4.6,W P T,3/15/25,,-,-,-,,75
158,hneSab,hneSabariya,,no,India,"16,300,000",Devanagari,Play Store,10/1/24,6/1/25,India_Play Store,21,unknown,"Wyc
India",unknown,"pexels.com, unsplash.com, flaticon.com",unknown,unknown,unknown,unknown,2.4.6,W P T,3/6/25,,-,-,-,,75
159,how,howBeeqhongq,,no,China,"140,000",Latin,team,10/1/21,10/1/21,China_team,19,"charis
sil",AT,yes,,19,30,0.7.3,12/7/21,-,,,1,D1110,-,-,,1178
160,hro,hroHaroi,,no,Viet Nam,"35,000",Latin,preparing,4/1/23,,Viet Nam_preparing,-,-,-,-,,-,,-,,-,,,,-,-,-,,2069
161,hus,husTenek,,no,Mexico,"169,000",Latin,preparing,7/1/24,,Mexico_preparing,-,-,-,-,,-,,-,,-,,,,-,-,-,,1067
162,huv,huvMateoDelMar,Mexico 2021,no,Mexico,"11,000",Latin,community,3/1/21,5/1/21,Mexico_community,16,"charis
sil",AT,yes,,17,30,0.5.0,5/13/21,-,,,1,C0110,-,In Private GitHub,,2988
163,ibo,iboIgbo,,no,Nigeria,"29,075,190",Latin,preparing,6/1/21,,Nigeria_preparing,-,-,-,-,,-,,-,,-,,,,-,-,-,,57
164,icr,icrIslanderEnglishCreole,San Andres 2024,no,Colombia,"12,000",Latin,team,7/1/24,10/1/24,Colombia_team,21,"charis
sil",AT,yes,,27,34,2.1.4,10/24/24,-,,,5,,-,-,,2900
165,iko,ikoOlulumo,,no,Nigeria,"30,000",Latin,preparing,4/1/22,,Nigeria_preparing,-,-,-,-,,-,,-,,-,,,,-,-,-,,2148
166,ima,imaMalaMalasar,,no,India,"1,000",Devanagari,Play Store,10/1/24,6/1/25,India_Play Store,21,unknown,"Wyc
India",unknown,"pexels.com, unsplash.com, flaticon.com",unknown,unknown,unknown,unknown,2.1.4,W P T,12/18/24,,-,-,-,,5000
167,ind,indIndonesia,Suluh Feb 2025,no,Indonesia,"199,002,320",Latin,team,2/1/25,3/1/25,Indonesia_team,21,"charis
sil",AT,yes,"ARCODI, 
The Mission Global, Flaticon, Canva",40,35,2.4.6,3/7/25,-,,,2,,-,-,,40
168,ium,iumIuMien,,no,China,"834,800",Latin,team,3/1/23,7/1/23,China_team,21,"charis
sil",AT,yes,Flaticon,17,33,1.4.5,7/3/23,-,,,2,J00000,-,-,,471
169,jav,javJawa,Suluh Feb 2025,no,Indonesia,"68,335,000",Latin,preparing,2/1/25,,Indonesia_preparing,-,-,-,-,"ARCODI, 
The Mission Global, Flaticon, Canva",-,,-,,-,,,,-,-,-,,31
170,jim,jimJimi,,no,Cameroon,"10,000",Latin,preparing,3/1/25,,Cameroon_preparing,-,-,-,-,,-,,-,,-,,,,-,-,-,,3048
171,jmx,jmxCoicoyan,,no,Mexico,"20,000",Latin,team,8/1/21,12/1/21,Mexico_team,21,"charis
sil",AT,yes,,39,32,1.1.0,12/19/22,-,,,2,G01100,-,-,,2468
172,job,jobKiviila,,no,Democratic Republic of the Congo,"88,500",Latin,preparing,6/1/23,,Democratic Republic of the Congo_preparing,-,-,-,-,,-,,-,,-,,,,-,-,-,,3048
173,jra,jraJarai,,no,Viet Nam,"534,800",Khmer,preparing,1/1/25,,Viet Nam_preparing,-,-,-,-,,-,,-,,-,,,,-,-,-,,862
174,juy,juyJuray,,no,India,"25,000",Odia,preparing,2/1/24,,India_preparing,-,-,-,-,,-,,-,,-,,,,-,-,-,,474
175,kay,kayKamaiura,,no,Brazil,530,Latin,team,4/1/21,8/1/21,Brazil_team,17,"charis
sil",AT,yes,,21,30,0.8.1,1/17/22,-,,,1,E1111,-,-,,5586
176,kbh,kbhCamsa,,no,Colombia,"4,000",Latin,preparing,4/1/24,,Colombia_preparing,-,-,-,-,,-,,-,,-,,,,-,-,-,,3928
177,kbl,kblKanembu,,no,Niger,"879,800",Latin,team,1/1/25,1/1/26,Niger_team,21,"andika
new
basic",AT,yes,,36,36,2.9.2,2/3/26,-,,,6b,-,-,-,,479
178,kbo,kboKeliko,,no,South Sudan,"42,500",Latin,preparing,11/1/23,,South Sudan_preparing,-,-,-,-,,-,,-,,-,,,,-,-,-,,1923
179,kbp,kbpKabiye,,no,Togo,"992,000",Latin,preparing,3/1/23,,Togo_preparing,-,-,-,-,,-,,-,,-,,,,-,-,-,,423
180,kby,kbyMangaKanuri,,no,Niger,"920,000",Latin,team,4/1/24,2/1/26,Niger_team,21,"andika
new
basic",AT,yes,"Art of Reading, plus local artist",25,36,2.9.2,2/10/26,-,,,,-,-,-,,632
181,kdf,kdfMamusi,,no,Papua New Guinea,"6,000",Latin,team,4/1/24,4/1/24,Papua New Guinea_team,21,"charis
sil",AT,yes,Art of Reading,47,34,1.7.6,4/24/24,-,,,4,-,-,-,,3563
182,kdh,kdhTem,,no,Togo,"392,500",unconfirmed,preparing,3/1/24,,Togo_preparing,-,-,-,-,,-,,-,,-,,,,-,-,-,,704
183,kdt,kdtKuay,,no,Thailand,"456,600",Thai,preparing,5/1/23,,Thailand_preparing,-,-,-,-,,-,,-,,-,,,,-,-,-,,647
184,kdt2,kdtKui2,,no,Cambodia,"456,600",Khmer,team,2/1/25,10/1/25,Cambodia_team,21,"andika
new
basic",AT,yes,Flaticon,27,36,2.9.2,2/4/26,-,,,,-,-,-,,647
185,keu,keuAkebu,,no,Togo,"70,300",Latin,preparing,3/1/23,,Togo_preparing,-,-,-,-,,-,,-,,-,,,,-,-,-,,1574
186,kfp,kfpKorwa,,no,India,"28,500",Latin,Play Store,11/1/2022,6/1/25,India_Play Store,21,unknown,"Wyc
India",unknown,"pexels.com, unsplash.com, flaticon.com",unknown,unknown,unknown,unknown,2.4.6,W P T,4/14/25,,-,-,-,,2219
187,khs,khsKasua,,no,Papua New Guinea,580,Latin,preparing,8/1/2024,,Papua New Guinea_preparing,-,-,-,-,,-,,-,,-,,,,-,-,-,,5348
188,khw,khwKhowar,,no,Pakistan,"379,100",Arabic,team,10/1/21,5/1/22,Pakistan_team,21,scheherazade_new,AT,yes,"unsplash.com, pixel.com, pixabay.com",17,32,1.2.1,2/12/23,-,,,2,G01100,-,-,,748
189,kik,kikGikuyu,Kenya 2024,no,Kenya,"8,151,850",Latin,team,5/1/2024,6/1/24,Kenya_team,-,-,-,-,,-,,-,,-,,,,-,-,-,,135
190,kjj,kjjXinaliq,,no,Azerbaijan,"2,150",Latin,preparing,6/1/2021,,Azerbaijan_preparing,-,-,-,-,,-,,-,,-,,,,-,-,-,,4985
191,kkl,kklKosarek,,no,Indonesia,"2,300",Latin,preparing,6/1/2021,,Indonesia_preparing,-,-,-,-,,-,,-,,-,,,,-,-,-,,4392
192,klv,klvMaskelynes,,no,Vanuatu,"1,350",Latin,team,11/1/20,3/1/21,Vanuatu_team,21,"andika
new
basic",AT,yes,"pixabay.com, Art of Reading",62,33,1.4.5,7/2/23,-,,,1,J00001,-,In Private GitHub,,4805
193,kmr,kmrNorthernKurdish,,no,Turkey,"16,485,750",Arabic,team,1/1/25,1/1/26,Turkey_team,21,notosansarabic,AT,yes,,33,36,cf2.8.0,1/8/26,-,,,8,,-,,,
194,knf,knfMancagne,Senegal 2026,no,Guinea-Bissau,"92,000",Latin,team,1/1/26,2/1/26,Guinea-Bissau_team,21,"andika
new
basic",SIL Senegal,yes,,,36,-,2/10/26,-,,,6b,,,,,
195,knz,knzKalamse,,no,Burkina Faso,"27,500",Latin,preparing,2/1/26,,Burkina Faso_preparing,-,-,-,-,,-,,-,,-,,,,-,-,-,,
196,kod,kod1MbangedhoMbalaghar,,no,Indonesia,"20,000",Latin,community,7/1/21,11/1/21,Indonesia_community,17,"charis
sil",AT,yes,Art of Reading,16,30,0.7.3,11/6/21,-,,,1,D1110,-,-,,2459
197,kod2,kod2Bhokolo,,anotherVariety,Indonesia,"20,000",Latin,community,10/1/21,11/1/21,Indonesia_community,17,"charis
sil",AT,yes,Art of Reading,16,30,0.7.3,11/10/21,-,,,1,D1110,-,-,,2458
198,kog,kogKogi,,no,Colombia,"9,910",Latin,preparing,10/1/24,,Colombia_preparing,-,-,-,-,,-,,-,,-,,,,-,-,-,,3164
199,kqr,kqrKimaragang,,no,Malaysia,"10,000",Latin,preparing,4/1/21,,Malaysia_preparing,-,-,-,-,,-,,-,,-,,,,-,-,-,,3036
200,kri,kriKrio,,no,Sierra Leone,"604,000",Latin,preparing,8/1/22,,Sierra Leone_preparing,-,-,-,-,,-,,-,,-,,,,-,-,-,,532
201,krx,krxKuloonaay,Kenya 2024,no,Senegal,"17,600",Latin,team,5/1/24,6/1/24,Senegal_team,-,-,-,-,,-,,-,,-,,,,-,-,-,,2384
202,ksw,kswSgawKaren,,no,Myanmar,"2,268,230",Thai,team,2/1/23,3/1/23,Myanmar_team,21,"charis
sil",-,yes,FAL,20,32,1.2.4,3/15/23,-,,,2,G10000,-,In Private GitHub,,262
203,ksz,kszKodaku,,no,India,"15,700",Devanagari,team,2/1/24,2/1/24,India_team,?,?,?,?,,?,?,?,?,-,,,4,-,-,-,"Created by Anita in Bangalore workshop Feb 5-9, Aaron hasn't seen the app yet",2687
204,kvl,kvlKayaw,,no,Myanmar,"20,100",Latin,Play Store,10/1/20,10/1/20,Myanmar_Play Store,21,"charis
sil",AT,no,local artist,19,35,2.4.2,1/20/25,2.4.6,AT,2/11/25,1,C0110,-,In Private GitHub,,2452
205,kyu,kyuWesternKayah,,no,Myanmar,"150,000",Burmese,preparing,11/1/25,,Myanmar_preparing,-,-,-,-,,-,,-,,-,,,,-,-,-,,
206,lao,laoLaoPakseSouthern,,no,Laos,"4,482,970",Lao,community,3/1/23,4/1/23,Laos_community,21,"charis
sil",AT,yes,Flaticon,29,36,2.8.0,8/28/25,-,,,2/6,H10010,-,In Private GitHub,,198
207,las,lasLama,Kenya 2024,no,Togo,"258,000",Latin,team,5/1/24,6/1/24,Togo_team,-,-,-,-,,-,,-,,-,,,4,-,-,-,,863
208,ley,leyLimola,,no,Indonesia,900,Latin,team,6/1/25,8/1/25,Indonesia_team,21,"andika
new
basic",AT,yes,"ARCODI, The Mission Global, Flaticon, Canva",34,36,2.8.0,8/19/25,-,,,8,,,,,5118
209,lgn,lgnOpo,,no,Ethiopia,"20,000",Latin,team,11/1/22,6/1/23,Ethiopia_team,21,"charis
sil",AT,yes,,56,33,1.4.8,,-,,,2,J00000,-,In Private GitHub,,3699
210,lia,liaLimba,Kenya 2024,no,Sierra Leone,"516,000",Latin,team,8/1/22,6/1/24,Sierra Leone_team,-,-,-,-,,-,,-,,-,,,5,-,-,-,,648
211,lmp,lmpLimbum,,no,Cameroon,"130,000",Latin,preparing,11/1/23,,Cameroon_preparing,-,-,-,-,,-,,-,,-,,,,-,-,-,,1200
212,lmp2,lmpLimbum2,,yes,Cameroon,"130,000",Latin,preparing,2/1/26,,Cameroon_preparing,-,-,-,-,,-,,-,,-,,,,-,-,-,,
213,lns,lnsLamnso,Cameroon 2025,no,Cameroon,"240,000",Latin,team,11/1/23,9/1/25,Cameroon_team,21,"andika
new
basic",FB,yes,,16,36,2.8.0,9/25/25,-,,,,-,-,-,,910
214,lon,lonLomwe,,no,Malawi,"3,990,000",Latin,team,9/1/24,4/1/25,Malawi_team,21,-,AT,yes,,,35,2.5.2,4/2/25,-,,,6,-,-,-,,251
215,lti,ltiLeti,,no,Indonesia,"7,710",unconfirmed,preparing,9/1/22,,Indonesia_preparing,-,-,-,-,,-,,-,,-,,,,-,-,-,,3349
216,lug,lugLuganda,,no,Uganda,"5,614,750",Latin,team,2/1/23,5/1/23,Uganda_team,21,"charis
sil",AT,yes,Flaticon,20,34,2.5.2,3/31/25,-,,,2,J00000,-,In Private GitHub,,152
217,luo,luoDholuo,,no,Kenya,"5,255,000",Latin,preparing,1/1/26,,Kenya_preparing,-,-,-,-,,-,,-,,-,,,,-,-,-,,
218,lwl,lwlEasternLawa,,no,Thailand,"7,000",Thai,team,11/1/20,3/1/23,Thailand_team,21,"charis
sil",AT,yes,,10,32,1.4.3,3/15/23,-,,,1,G10000,-,In Private GitHub,,3415
219,lyg,lygLyngngam,,no,India,"12,600",unconfirmed,preparing,4/1/22,,India_preparing,-,-,-,-,,-,,-,,-,,,,-,-,-,,2854
220,maa,maaEloxochitlan,,yes,Mexico,"18,900",Latin,preparing,11/1/23,,Mexico_preparing,-,-,-,-,,-,,-,,-,,,,-,-,-,,2567
221,maa2,maaSanJeronimoTecoatl,CSEIIO May 2025,no,Mexico,"18,900",Latin,team,1/1/25,5/1/25,Mexico_team,21,"charis
sil",AT,yes,,17,35,2.6.3,6/4/25,-,,,7,-,-,-,,2566
222,mad,madMadura,Suluh Feb 2025,no,Indonesia,"7,790,000",unconfirmed,preparing,2/1/25,,Indonesia_preparing,-,-,-,-,ARCODI,-,,-,,-,,,,-,-,-,,123
223,mah,mahMarshallese,,no,Marshall Islands,"60,700",Latin,preparing,3/1/23,,Marshall Islands_preparing,-,-,-,-,,-,,-,,-,,,,-,-,-,,1649
224,mak,makMakassar,Suluh Feb 2025,no,Indonesia,"2,110,000",Latin,preparing,2/1/25,,Indonesia_preparing,-,-,-,-,"ARCODI, 
The Mission Global, Flaticon, Canva",-,,-,,-,,,,-,-,-,,310
225,mam,mamMam,,no,Guatemala,"602,400",Latin,preparing,2/1/23,,Guatemala_preparing,-,-,-,-,,-,,-,,-,,,,-,-,-,,547
226,maz,mazCentral,,yes,Mexico,"74,000",Latin,preparing,5/1/22,,Mexico_preparing,-,-,-,-,,-,,-,,-,,,,-,-,-,,1543
227,maz2,mazCentral2,Mexico 2024,no,Mexico,"74,000",Latin,team,12/1/23,1/1/24,Mexico_team,21,"charis
sil",AT,yes,,,36,2.7.0,7/9/25,-,,,3,-,-,-,,1543
228,mbp,mbpWiwa,,no,Colombia,"1,850",Latin,Play Store,5/1/21,6/1/21,Colombia_Play Store,21,"charis
sil",AT,yes,,17,36,2.7.1,9/9/25,2.7.1,AT,7/16/25,1,G00000,-,-,,4576
229,mbt,mbtMatigsalug,,no,Philippines,"50,000",Latin,preparing,2/1/25,,Philippines_preparing,-,-,-,-,,-,,-,,-,,,,-,-,-,,1783
230,mbz,mbzAmoltepec,,no,Mexico,"5,630",Latin,community,10/1/20,10/1/20,Mexico_community,16,"charis
sil",AT,yes,,47,?,0.2.3,,-,,,1,C0110,-,,,3629
231,mbz2,mbzAmoltepec2,Mexico 2024,yes,Mexico,"5,630",Latin,team,11/1/23,1/1/24,Mexico_team,21,"charis
sil",AT,yes,,33,34,1.5.7,1/11/24,-,,,3,-,-,-,,3628
232,mcn,mcnMassana,Cameroon 2025,no,Chad,"342,000",Latin,team,7/1/24,9/1/25,Chad_team,21,"andika
new
basic",FB,yes,,29,36,2.8.0,9/25/25,-,,,,-,-,-,,758
233,mcs,mcsMambay,,no,Cameroon,"17,000",Latin,preparing,3/1/25,,Cameroon_preparing,-,-,-,-,,-,,-,,-,,,,-,-,-,,2771
234,mcx,mcxMpyemo,,no,Central African Republic,"29,000",Latin,team,7/1/21,5/1/23,Central African Republic_team,21,"charis
sil",AT,yes,,21,33,1.4.1,5/26/23,-,,,2,H00000,-,-,,2197
235,mde,mdeMaba,,no,Chad,"567,000",Latin,Play Store,4/1/22,5/1/22,Chad_Play Store,21,"charis
sil",AT,yes,,18,33,1.4.6,9/5/23,2.8.0,AT,?,2,J00010,-,-,,582
236,mdh,mdhMaguindanaon,,no,Philippines,"2,020,000",Latin,preparing,2/1/25,,Philippines_preparing,-,-,-,-,,-,,-,,-,,,,-,-,-,,393
237,mdv,mdvMonteverde,,no,Mexico,"5,330",Latin,preparing,11/1/23,,Mexico_preparing,-,-,-,-,,-,,-,,-,,,,-,-,-,,3655
238,meh,mehSantiagoNuyoo,CSEIIO May 2025,no,Mexico,"7,340",Latin,team,3/1/25,5/1/25,Mexico_team,21,"charis
sil",AT,yes,,17,35,2.6.3,5/30/25,-,,,,-,-,-,,3379
239,mej,mejMeyah,,no,Indonesia,"14,800",Latin,preparing,9/1/24,,Indonesia_preparing,-,-,-,-,,-,,-,,-,,,,-,-,-,,2746
240,mfv,mfvManjak,Senegal 2026,no,Guinea-Bissau,"339,700",Latin,team,1/1/26,2/1/26,Guinea-Bissau_team,21,"andika
new
basic",SIL Senegal,yes,,,36,-,2/11/26,-,,,6b,,,,,
241,mgg,mggMpumpong,Cameroon 2025,no,Cameroon,"45,000",Latin,team,7/1/24,9/1/25,Cameroon_team,21,?,FB,yes,,20,36,2.8.0,9/16/25,-,,,,-,-,-,,1863
242,mgo,mgoMoghamo,Cameroon 2025,no,Cameroon,"83,000",Latin,team,9/1/25,9/1/25,Cameroon_team,21,"charis
sil",FB,yes,,24,36,2.8.0,9/22/25,-,,,,-,-,-,,1471
243,mgq,mgqMalila,,no,Tanzania,"78,000",Latin,team,2/1/24,11/1/24,Tanzania_team,21,"andika
new
basic",AT,yes,,27,35,2.6.4,6/19/25,-,,,6,-,-,-,,1510
244,mhy,mhyMaanyan,Suluh Feb 2025,no,Indonesia,"150,000",Latin,preparing,2/1/25,,Indonesia_preparing,-,-,-,-,"ARCODI, 
The Mission Global, Flaticon, Canva",-,,-,,-,,,,-,-,-,,442
245,mil,milPenyoles,,no,Mexico,"5,500",Latin,preparing,5/1/21,,Mexico_preparing,-,-,-,-,,-,,-,,-,,,,-,-,-,,3632
246,mim,mimAlacatlatzala,,no,Mexico,"30,000",Latin,preparing,8/1/21,,Mexico_preparing,-,-,-,-,,-,,-,,-,,,,-,-,-,,2125
247,mip,mipApoala,,no,Mexico,"10,000",Latin,preparing,8/1/22,,Mexico_preparing,-,-,-,-,,-,,-,,-,,,,-,-,-,,3014
248,mis,misHouma,,no,United States,0,Latin,preparing,3/1/21,,United States_preparing,-,-,-,-,,-,,-,,-,,,,-,-,-,,#N/A
249,mix,mixMixtepec,,no,Mexico,"9,170",Latin,preparing,4/1/22,,Mexico_preparing,-,-,-,-,,-,,-,,-,,,,-,-,-,,3177
250,miy,miyAyutla,,no,Mexico,"11,600",Latin,preparing,12/1/22,,Mexico_preparing,-,-,-,-,,-,,-,,-,,,,-,-,-,,2921
251,miz,mizCoatzospan,,no,Mexico,"2,090",Latin,preparing,8/1/25,,Mexico_preparing,-,-,-,-,,-,,-,,-,,,,-,-,-,,4421
252,mjc,mjcSanJuanColorado,CSEIIO May 2025,no,Mexico,"5,580",Latin,team,1/1/25,5/1/25,Mexico_team,21,"charis
sil",AT,yes,,19,35,2.6.3,5/30/25,-,,,,-,-,-,,3618
253,mjc2,mjcSanJuanColorado2,CSEIIO May 2025,yes,Mexico,"5,580",Latin,team,5/1/25,5/1/25,Mexico_team,21,"charis
sil",AT,yes,,17,35,2.6.3,5/30/25,-,,,,-,-,-,,3617
254,mks,mksSilacayoapan,CSEIIO 2024,no,Mexico,"18,700",Latin,team,8/1/24,9/1/24,Mexico_team,21,"charis
sil",AT,yes,,17,35,2.1.2,4/10/25,-,,,5,-,-,-,,2559
255,mks2,mksSilacayoapan2,CSEIIO May 2025,yes,Mexico,"18,700",Latin,team,4/1/25,5/1/25,Mexico_team,21,"charis
sil",AT,yes,,18,35,2.6.1,5/30/25,-,,,7,-,-,-,,2559
256,mku,mkuKonyanka,,no,Guinea,"559,000",Latin,preparing,5/1/23,,Guinea_preparing,-,-,-,-,,-,,-,,-,,,,-,-,-,,952
257,mkz,mkzMakasae,,no,East Timor,"155,700",Latin,preparing,8/1/25,,East Timor_preparing,-,-,-,-,,-,,-,,-,,,,-,-,-,,1311
258,mlr,mlrVame,,no,Cameroon,"8,500",Latin,preparing,4/1/23,,Cameroon_preparing,-,-,-,-,,-,,-,,-,,,,-,-,-,,3227
259,ml2,mlrVame2,,yes,Cameroon,"8,500",Latin,preparing,10/1/24,,Cameroon_preparing,-,-,-,-,,-,,-,,-,,,,-,-,-,,#N/A
260,mls,mlsMasarak,,no,Sudan,"350,000",Latin,Play Store,1/1/21,6/1/21,Sudan_Play Store,21,"andika
new
basic",AT,yes,,12,36,2.7.0,9/9/25,2.7.0,AT,7/3/25,1,J00000,yes,In Private GitHub,,640
261,mlv,mlvMotlap,,no,Vanuatu,"2,100",Latin,team,10/1/24,5/1/25,Vanuatu_team,21,"charis
sil",AT,yes,"Flaticon, Unsplash, local artists",,35,2.5.9,5/3/25,-,,,7,-,-,-,,4405
262,mnb,mnbMuna,Suluh Feb 2025,no,Indonesia,"266,000",Latin,preparing,2/1/25,,Indonesia_preparing,-,-,-,-,"ARCODI, The Mission Global, Flaticon, Canva",-,,-,,-,,,,-,-,-,,843
263,mnk,mnkMandinka,Senegal 2026,no,Senegal,"2,144,500",Latin,preparing,1/1/26,,Senegal_preparing,-,-,-,-,,-,,-,,-,,,,-,-,-,,
264,mos,mosMoore,Kenya 2024,no,Burkina Faso,"11,865,700",Latin,team,5/1/24,7/1/24,Burkina Faso_team,21,"charis
sil",AT,yes,,20,35,2.5.2,3/31/25,-,,,4,-,-,-,,118
265,mqh,mqhTlazoyaltepec,CSEIIO 2024,no,Mexico,"6,030",Latin,team,8/1/24,9/1/24,Mexico_team,21,"charis
sil",AT,yes,,32,35,2.6.3,5/30/25,-,,,5,-,-,-,,3520
266,mrk,mrkHmwaveke,,no,New Caledonia,200,Latin,preparing,4/1/24,,New Caledonia_preparing,-,-,-,-,,-,,-,,-,,,,-,-,-,,5823
267,mtr,mtrMewari,GK Team,no,India,"4,210,000",Devanagari,team,2/1/24,8/1/24,India_team,?,?,?,?,"unsplash.com, pexels.com",?,?,?,?,-,,,,-,-,-,,184
268,mvy,mvyIndusKohistan,,no,Pakistan,"200,000",Arabic,preparing,4/1/24,,Pakistan_preparing,-,-,-,-,,-,,-,,-,,,,-,-,-,,969
269,mxa,mxaYucuna,,no,Mexico,"5,430",Latin,preparing,6/1/21,,Mexico_preparing,-,-,-,-,,-,,-,,-,,,,-,-,-,,3630
270,mxp,mxpTlahuitoltepec,Mexico 2024,no,Mexico,"16,800",Latin,team,12/1/23,1/1/24,Mexico_team,21,"charis
sil",AT,yes,,25,34,1.5.9,1/12/24,-,,,3,-,-,-,,2622
271,mxp2,mxpTlahuitoltepec2,CSEIIO May 2025,yes,Mexico,"16,800",Latin,preparing,3/1/25,,Mexico_preparing,-,-,-,-,,-,,-,,-,,,,-,-,-,,2622
272,mxs,mxsHuitepec,CSEIIO May 2025,no,Mexico,"2,400",Latin,team,3/1/25,5/1/25,Mexico_team,21,"charis
sil",AT,yes,,18,35,2.6.3,5/30/25,-,,,,-,-,-,,4322
273,mxtJ,mxtJamiltepec,,anotherVariety,Mexico,"9,760",Latin,preparing,6/1/21,,Mexico_preparing,-,-,-,-,,-,,-,,-,,,,-,-,-,,3140
274,mxtT,mxtTetepec,CSEIIO 2024,no,Mexico,"9,760",Latin,team,8/1/24,9/1/24,Mexico_team,21,"charis
sil",AT,yes,,24,35,2.6.2,5/30/25,-,,,5,-,-,-,,3140
275,mxu,mxuMada,,no,Cameroon,"17,000",Latin,Play Store,6/1/21,1/1/22,Cameroon_Play Store,21,"charis
sil",Kalaam,yes,,20,32,1.2.3,2/16/23,1.2.3,"IPS, Cameroon",3/7/23,2,G01110,-,-,,2611
276,mxv,mxvMetlatonoc,,no,Mexico,"46,600",Latin,preparing,6/1/21,,Mexico_preparing,-,-,-,-,,-,,-,,-,,,,-,-,-,,1843
277,mxySA,mxySanAndres,Mexico 2024,anotherVariety,Mexico,"4,200",Latin,team,1/1/24,1/1/24,Mexico_team,21,"charis
sil",AT,yes,,27,34,1.5.9,1/12/24,-,,,3,-,-,-,,3845
278,mxySD,mxySantoDomingo,Mexico 2024,no,Mexico,"4,200",Latin,team,5/1/21,1/1/24,Mexico_team,21,"charis
sil",AT,yes,,25,34,1.5.9,1/12/24,-,,,3,-,-,-,,3844
279,mya,myaBurmese,,no,Myanmar,"43,025,110",Burmese,preparing,5/1/23,,Myanmar_preparing,-,-,-,-,,-,,-,,-,,,,-,-,-,,52
280,mya2,myaBurmese2,,yes,Myanmar,"43,025,110",Burmese,preparing,2/1/24,,Myanmar_preparing,-,-,-,-,,-,,-,,-,,,,-,-,-,,52
281,mzj,mzjManya,,no,Liberia,"120,800",Latin,preparing,10/1/24,,Liberia_preparing,-,-,-,-,,-,,-,,-,,,,-,-,-,,1288
282,mzr,mzrMarubo,,no,Brazil,"1,980",Latin,team,3/1/23,4/1/24,Brazil_team,21,"charis
sil",AT,yes,,20,34,1.7.6.1,4/24/24,-,,,4,-,-,-,,4519
283,mzz,mzzMaiadomu,,no,Papua New Guinea,900,Latin,preparing,10/1/24,,Papua New Guinea_preparing,-,-,-,-,,-,,-,,-,,,,-,-,-,,5070
284,nap,napNapoletano,,no,Italy,"5,700,000",Latin,preparing,7/1/24,,Italy_preparing,-,-,-,-,,-,,-,,-,,,,-,-,-,,146
285,nat,natCahungwarya,,no,Nigeria,"20,000",Latin,preparing,8/1/23,,Nigeria_preparing,-,-,-,-,,-,,-,,-,,,,-,-,-,,2429
286,ndh,ndhNdali,,no,Tanzania,"263,000",Latin,team,8/1/23,10/1/25,Tanzania_team,21,"charis
sil",AT,yes,,24,36,2.8.0,10/16/25,-,,,8,-,-,-,,
287,ndv,ndvNdut,Senegal 2026,no,Senegal,"60,000",Latin,team,1/1/26,2/1/26,Senegal_team,21,"andika
new
basic",SIL Senegal,yes,,-,36,-,2/6/26,-,,,6b,-,-,-,,
288,neq,neqAlotepec,CSEIIO May 2025,no,Mexico,"13,000",Latin,team,5/1/25,5/1/25,Mexico_team,21,"charis
sil",AT,yes,,21,35,2.6.3,5/30/25,-,,,,-,-,-,,2798
289,ngu,nguGuerrero,,no,Mexico,"125,000",Latin,Play Store,1/1/21,2/1/21,Mexico_Play Store,21,"charis
sil",AT,yes,,"20
(aab)",36,?,?,2.9.0,AT,10/27/25,1,C0110,-,In Private GitHub,,
290,nhi,nhiTenango,,no,Mexico,"17,100",Latin,preparing,2/1/24,,Mexico_preparing,-,-,-,-,,-,,-,,-,,,,-,-,-,,2602
291,nhp,nhpNahuatlIstmo,,no,Mexico,"6,800",Latin,preparing,8/1/22,,Mexico_preparing,-,-,-,-,,-,,-,,-,,,,-,-,-,,3427
292,nhu,nhuNoni,,no,Cameroon,"40,000",Latin,preparing,2/1/26,,Cameroon_preparing,-,-,-,-,,-,,-,,-,,,,-,-,-,,
293,nhx,nhxIsthmusNahuatl,,no,Mexico,"26,600",Latin,team,3/1/24,2/1/26,Mexico_team,21,"charis
sil",AT,yes,,16,36,2.9.4 (190),2/17/26,-,,,6b,-,-,-,,2221
294,nif,nifNek,,no,Papua New Guinea,"2,000",Latin,preparing,3/1/24,,Papua New Guinea_preparing,-,-,-,-,,-,,-,,-,,,,-,-,-,,4414
295,nih,nihNyiha,,no,Tanzania,"632,000",Latin,Play Store,12/1/21,1/1/24,Tanzania_Play Store,21,"andika
new
basic",AT,yes,,24,35,2.5.2,4/3/25,2.5.2,Kalaam,,3,-,-,-,,528
296,nir,nirNimboran,,no,Indonesia,"2,000",Latin,preparing,10/1/21,,Indonesia_preparing,-,-,-,-,,-,,-,,-,,,,-,-,-,,4413
297,nlv,nlvZongolica,,no,Mexico,"120,000",Latin,preparing,8/1/24,,Mexico_preparing,-,-,-,-,,-,,-,,-,,,,-,-,-,,1220
298,nmf,nmfTangkhul,,no,India,"187,000",Latin,preparing,2/1/22,,India_preparing,-,-,-,-,,-,,-,,-,,,,-,-,-,,1006
299,nnh,nnhNgiemboon,Cameroon 2025,no,Cameroon,"250,000",Latin,team,7/1/24,9/1/25,Cameroon_team,21,"andika
new
basic",FB,yes,,21,36,2.8.0,9/24/25,-,,,,-,-,-,,868
300,nnj,nnjNyangatom,,no,Ethiopia,"24,300",Latin,team,9/1/23,12/1/25,Ethiopia_team,21,"andika
new
basic",AT,yes,,46,36,2.9.1,12/18/25,-,,,,-,-,-,,2316
301,nnz,nnzNdanda,Cameroon 2025,no,Cameroon,"49,000",Latin,team,9/1/25,9/1/25,Cameroon_team,21,"charis
sil",FB,yes,,24,36,2.8.0,9/22/25,-,,,,-,-,-,,2992
302,nod,nodNorthernThai,,no,Thailand,"7,819,500",Lanna,preparing,3/1/25,,Thailand_preparing,-,-,-,-,,-,,-,,-,,,,-,-,-,,138
303,not,notNomatsigenga,,no,Peru,"8,020",Latin,preparing,4/1/25,,Peru_preparing,-,-,-,-,,-,,-,,-,,,,-,-,-,,3249
304,npi,npiNepali,,no,Nepal,"29,000,000",Devanagari,preparing,2/1/22,,Nepal_preparing,-,-,-,-,LEAD-M (HK),-,,-,,-,,,,-,-,-,,79
305,num,numNiuafoouan,,no,Tonga,"1,000",Latin,preparing,7/1/24,,Tonga_preparing,-,-,-,-,,-,,-,,-,,,,-,-,-,,5361
306,nyn,nynRunyankole,,no,Uganda,"3,433,800",Latin,team,6/1/23,9/1/23,Uganda_team,21,"charis
sil",AT,yes,,14,33,1.4.9,10/10/23,-,,,2,J10001,-,-,,207
307,nyu,nyuNyungwe,,no,Mozambique,"262,000",Latin,team,6/1/21,12/1/21,Mozambique_team,19,"charis
sil",AT,yes,,47,32,0.9.8,8/16/22,-,,,2,F11111,-,-,,845
308,nyy,nyyNyakyusa,,no,Tanzania,"1,359,000",Latin,team,2/1/24,1/1/25,Tanzania_team,21,"andika
new
basic",AT,yes,,22,35,2.4.2,1/16/25,-,,,6,-,-,-,,348
309,obo,oboOboManobo,,no,Philippines,"80,000",Latin,preparing,2/1/25,,Philippines_preparing,-,-,-,-,,-,,-,,-,,,,-,-,-,,1641
310,odk,odkOdRajput,GK Team,no,India,"2,079,200",Devanagari,team,2/1/24,8/1/24,India_team,?,?,?,?,"unsplash.com, pexels.com",?,?,?,?,-,,,,-,-,-,,268
311,oku,okuOku,Cameroon 2025,no,Cameroon,"87,000",Latin,team,7/1/24,9/1/25,Cameroon_team,21,"andika
new
basic",FB,yes,,61,36,2.8.0,9/25/25,-,,,,-,-,-,,1430
312,oku2,okuOku2,,yes,Cameroon,"87,000",Latin,preparing,2/1/26,,Cameroon_preparing,-,-,-,-,,-,,-,,-,,,,-,-,-,,
313,omc,omcMochica,,no,Peru,0,unconfirmed,preparing,12/1/23,,Peru_preparing,-,-,-,-,,-,,-,,-,,,,-,-,-,,#N/A
314,ory,oryOdia,,no,India,"39,763,607",Odia,preparing,2/1/24,,India_preparing,-,-,-,-,,-,,-,,-,,,,-,-,-,,47
315,ote,oteOtomiMezquital,,no,Mexico,"88,500",Latin,team,12/1/24,2/1/25,Mexico_team,21,"charis
sil",AT,yes,,,35,2.4.6,2/20/25,-,,,6,-,-,-,,1419
316,paq,paqParya,,no,Tajikistan,"2,600",Cyrillic,team,9/1/24,12/1/25,Tajikistan_team,21,"andika
new
basic",AT,yes,public domain,23,36,2.9.2.1 [188],2/4/26,-,,,8,-,-,-,,4216
317,pbm,pbmPueblaNoroeste,CSEIIO May 2025,no,Mexico,"33,800",Latin,team,1/1/25,5/1/25,Mexico_team,21,"charis
sil",AT,yes,,31,35,2.6.3,5/30/25,-,,,,-,-,-,,2057
318,pbm2,pbmPueblaNoroeste2,Mexico 2025,yesSameVarietyDifferentTeam,Mexico,"33,800",Latin,team,6/1/25,7/1/25,Mexico_team,21,"charis
sil",AT,yes,,,36,2.7.0.np,7/9/25,-,,,8,-,-,-,,2057
319,pbs,pbsCentralPame,,no,Mexico,"7,370",Latin,community,12/1/20,12/1/20,Mexico_community,16,"charis
sil",AT,yes,,17,?,0.4.5,,-,,,1,C0110,-,In Private GitHub,,3341
320,pbsB,pbsPameCentralB,,yes,Mexico,"7,370",Latin,preparing,11/1/23,,Mexico_preparing,-,-,-,-,,-,,-,,-,,,,-,-,-,,3340
321,pbv,pbvPnar,,no,India,"323,000",Latin,preparing,4/1/22,,India_preparing,-,-,-,-,,-,,-,,-,,,,-,-,-,,753
322,pdu,pduKayan,,no,Myanmar,"133,180",Latin,Play Store,8/1/20,9/1/20,Myanmar_Play Store,21,"andika
new
basic",pdu,no,Kayan Literature & Culture Committee,44.5,34,2.1.4,10/9/24,0.4.4,"3rd party, offline now?",,1,C0110,-,In Private GitHub,,1175
323,pduBW,pduKayanBibleWords,,BibleVersion,Myanmar,"133,180",Latin,community,5/1/21,7/1/21,Myanmar_community,21,"andika
new
basic",AT,no,Kayan Literature & Culture Committee,32,30,0.6.1,,-,,,1,C0110,-,In Private GitHub,,1175
324,pes,pesFarsi,,no,Iran,"77,377,510",Arabic,preparing,6/1/22,,Iran_preparing,-,-,-,-,,-,,-,,-,,,,-,-,-,,35
325,pga,pgaJubaArabic,,no,South Sudan,"247,000",Latin,preparing,10/1/24,,South Sudan_preparing,-,-,-,-,,-,,-,,-,,,,-,-,-,,
326,pgg,pggPangwali,,no,India,"18,700",Devanagari,preparing,10/1/24,,India_preparing,-,-,-,-,,-,,-,,-,,,,-,-,-,,2540
327,pis,pisPijin,Kenya 2024,no,Solomon Islands,"564,000",Latin,team,5/1/24,6/1/24,Solomon Islands_team,-,-,-,-,"Flaticon, ARCODI, Martha Matze",-,,-,,-,,,,-,-,-,,2308
328,plz,plzMurutPaluan,,no,Malaysia,"5,500",Latin,preparing,4/1/22,,Malaysia_preparing,-,-,-,-,,-,,-,,-,,,,-,-,-,,3592
329,pmy,pmyPapuanMalay,,no,Indonesia,"1,100,000",Latin,team,8/1/21,11/1/21,Indonesia_team,19,"charis
sil",AT,yes,"Art of Reading, UNICEF",34,30,0.8.7,6/9/22,-,,,1,E1110,-,-,,588
330,poe,poeAtzingoPopoloca,Mexico 2024,no,Mexico,"3,690",Latin,team,6/1/23,1/1/24,Mexico_team,21,"charis
sil",AT,yes,,28,34,1.5.9,1/11/24,-,,,3,-,-,-,,3950
331,poi,poiPopoluca,Mexico 2021,no,Mexico,"37,700",Latin,community,3/1/21,5/1/21,Mexico_community,16,"charis
sil",AT,yes,,65,30,0.5.0,5/11/21,-,,,1,C0110,-,In Private GitHub,,1983
332,poi2,poiSierraPopoluca2,Mexico 2025,yes,Mexico,"37,700",Latin,team,7/1/25,7/1/25,Mexico_team,21,"charis
sil",AT,yes,,,36,2.7.0,7/9/25,-,,,8,-,-,-,,1982
333,pol,polPolish,,no,Poland,"39,964,030",Latin,preparing,4/1/22,,Poland_preparing,-,-,-,-,,-,,-,,-,,,,-,-,-,,44
334,prs,prsDari,,no,Afghanistan,"31,296,160",Arabic,preparing,3/1/24,,Afghanistan_preparing,-,-,-,-,,-,,-,,-,,,,-,-,-,,98
335,psi,psiPashaiSoutheast,Kenya 2024,no,Afghanistan,"180,000",Arabic,team,1/1/24,7/1/24,Afghanistan_team,-,-,-,-,"Flaticon, ARCODI",-,,-,,-,,,,-,-,-,,1021
336,pta,ptaPaiTavytera,,no,Paraguay,"6,360",Latin,preparing,3/1/21,,Paraguay_preparing,-,-,-,-,,-,,-,,-,,,,-,-,-,,3462
337,pua,puaPurepecha,,no,Mexico,"124,000",Latin,preparing,7/1/24,,Mexico_preparing,-,-,-,-,,-,,-,,-,,,,-,-,-,,1021
338,pxmJ,pxmJaltepec,CSEIIO 2024,anotherVariety,Mexico,"8,090",Latin,team,8/1/24,9/1/24,Mexico_team,21,"charis
sil",AT,yes,,35,35,2.6.2,5/30/25,-,,,5,-,-,-,,3235
339,pxmQ,pxmQuetzaltepec,CSEIIO 2024,no,Mexico,"8,090",Latin,team,8/1/24,9/1/24,Mexico_team,21,"charis
sil",AT,yes,,23,35,2.6.3,5/30/25,-,,,5,-,-,-,,3235
340,qub,qubHuallaga,,no,Peru,"23,900",Latin,preparing,1/1/22,,Peru_preparing,-,-,-,-,,-,,-,,-,,,,-,-,-,,1913
341,quc,qucKiche,,no,Guatemala,"1,050,000",Latin,preparing,11/1/20,,Guatemala_preparing,-,-,-,-,,-,,-,,-,,,,-,-,-,,396
342,quf,qufLambayeque,,no,Peru,"30,000",Latin,Play Store,12/1/23,11/18/24,Peru_Play Store,21,"charis
sil",AT,yes,,57,35,2.4.6,2/18/25,,,,6,-,-,-,,2418
343,qve,qveApurimac,,no,Peru,"200,000",Latin,team,11/1/20,8/1/21,Peru_team,17,"charis
sil",AT,yes,,19,30,0.7.2.1,8/28/21,-,,,1,C0110,-,In Private GitHub,,960
344,qvw,qvwWanca,,no,Peru,"250,000",Latin,preparing,4/1/22,,Peru_preparing,-,-,-,-,,-,,-,,-,,,,-,-,-,,864
345,qwh,qwhAnqasQichwa,,no,Peru,"173,000",Latin,preparing,11/1/23,,Peru_preparing,-,-,-,-,,-,,-,,-,,,,-,-,-,,739
346,raw,rawRvwang,,no,Myanmar,"63,000",Latin,preparing,2/1/25,,Myanmar_preparing,-,-,-,-,,-,,-,,-,,,,-,-,-,,1613
347,rhg,rhgRohingya,,no,Myanmar,"2,529,250",unconfirmed,preparing,6/1/22,,Myanmar_preparing,-,-,-,-,,-,,-,,-,,,,-,-,-,Books Unbound and ILAD preparing files,232
348,rif,rifRiffman,,no,Morocco,"4,366,000",Latin,community,11/1/20,12/1/20,Morocco_community,16,"charis
sil",AT,no,,23,30,0.4.6,,-,,,1,C0110,-,In Private GitHub,,175
349,rmt,rmtRomari,,no,Turkey,1,Latin,preparing,9/1/24,,Turkey_preparing,-,-,-,-,,-,,-,,-,,,,-,-,-,,6344
350,rmyH,rmyGaborH,,no,Romania,"545,480",Latin,community,7/1/20,7/1/20,Romania_community,16,"charis
sil",AT,yes,local artist,20,?,0.4.2,,-,,,1,C0110,-,In Private GitHub,,563
351,rmyR,rmyGaborR,,anotherOrthography,Romania,see above,Latin,community,7/1/20,7/1/20,Romania_community,16,"charis
sil",AT,yes,local artist,20,?,0.4.2,,-,,,1,C0110,-,In Private GitHub,,563
352,run,runKirundi,,no,Burundi,"13,190,050",Latin,preparing,3/1/24,,Burundi_preparing,-,-,-,-,,-,,-,,-,,,,-,-,-,,90
353,rwr,rwrMarwari,GK Team,no,India,"7,854,750",Devanagari,team,2/1/24,8/1/24,India_team,?,?,?,?,"unsplash.com, pexels.com",?,?,?,?,-,,,,-,-,-,,115
354,sav,savSaafiSaafi,Senegal 2026,no,Senegal,"200,000",Latin,team,1/1/26,2/1/26,Senegal_team,21,"andika
new
basic",SIL Senegal,yes,,-,36,-,2/6/26,-,,,6b,-,-,-,,
355,sav2,savSaafiSaafiABS2,,anotherScript,Senegal,"200,000",Arabic,preparing,2/1/26,,Senegal_preparing,-,-,-,-,,-,,-,,-,,,,-,-,-,,
356,sba,sbaNgambay,,no,Chad,"1,377,000",Latin,preparing,8/1/25,,Chad_preparing,-,-,-,-,,-,,-,,-,,,,-,-,-,,341
357,sce,sceDongxiang,,no,China,"200,000",Latin,preparing,8/1/24,,China_preparing,-,-,-,-,,-,,-,,-,,,,-,-,-,,954
358,sgj,sgjSurgujia,,no,India,"1,740,000",Devanagari,Play Store,7/1/22,11/1/22,India_Play Store,21,"charis
sil","Wyc
India",yes,"unsplash.com, pexels.com",38,"33 (PS)
35 (APK)",2.6.1,5/16/25,-,W P T,,2,J10000,-,In Private GitHub,,294
359,shn,shnShan,,no,Myanmar,"4,685,000",Burmese,preparing,2/1/22,,Myanmar_preparing,-,-,-,-,,-,,-,,-,,,,-,-,-,,166
360,shu,shuChadianArabic,,no,Chad,"2,344,540",Latin,Play Store,4/1/24,9/1/24,Chad_Play Store,21,"andika
new
basic",AT,yes,,14,35,2.5.9,5/2/25,2.5.0,AT,3/27/25,5,-,-,-,,289
361,skr,skrSaraiki,,no,Pakistan,"26,009,000",Arabic,Play Store,1/1/21,3/1/21,Pakistan_Play Store,21,"charis
sil",AT,yes,local artist,16,34,1.5.2,11/22/23,1.5.2,AT,11/22/23,1,J00000,-,In Private GitHub,,57
362,sml,smlSinama,,no,Philippines,"105,000",Latin,Play Store,5/1/21,6/1/21,Philippines_Play Store,3rdP,3rdP,3rdP,3rdP,,3rdP,30,0.4.6,6/16/21,3rdP,"3rd party, offline now?",,1,3rdP,3rdP,3rdP,"Not ""sent"" by us, Luke let us know he made the app",1281
363,snf,snfNoon,Senegal 2026,no,Senegal,"48,000",Latin,team,1/1/26,2/1/26,Senegal_team,21,"andika
new
basic",SIL Senegal,yes,,-,36,-,2/6/26,-,,,6b,-,-,-,,
364,snk,snkSoninke,Kenya 2024,no,Mali,"2,189,250",Latin,team,10/1/22,6/1/24,Mali_team,21,"andika
new
basic",AT,yes,,,36,2.8.0,9/24/25,,,,3,-,-,-,,252
365,snm,snmMadiUruleti,,no,Uganda,"60,000",Latin,preparing,9/1/21,,Uganda_preparing,-,-,-,-,,-,,-,,-,,,,-,-,-,,1631
366,spa,spaSpanish,,no,Spain,"559,078,890",Latin,Play Store,8/1/23,11/1/23,Spain_Play Store,21,"charis
sil",AT,yes,,,34,1.5.2,11/23/23,?,AT,4/11/24,3,-,-,-,,2
367,spt,sptSpitiBhoti,,no,India,"10,000",unconfirmed,preparing,6/1/25,,India_preparing,-,-,-,-,,-,,-,,-,,,,-,-,-,,2973
368,sqt,sqtSabaean,,no,Yemen,"111,000",Ancient South Arabian,team,2/1/23,2/1/24,Yemen_team,21,"charis
sil",AT,yes,,,34,1.6.6,2/29/24,-,,,4,-,-,-,,1263
369,srr,srrSeereer,,no,Senegal,"1,712,300",Latin,preparing,4/1/22,,Senegal_preparing,-,-,-,-,,-,,-,,-,,,,-,-,-,,296
370,srr2,srrSeereerSine2,Senegal 2026,yes,Senegal,"1,712,300",Latin,team,1/1/26,2/1/26,Senegal_team,21,"andika
new
basic",SIL Senegal,yes,,-,36,-,2/6/26,-,,,6b,-,-,-,,
371,ssg,ssgSeimat,,no,Papua New Guinea,"1,400",Latin,preparing,4/1/23,,Papua New Guinea_preparing,-,-,-,-,,-,,-,,-,,,,-,-,-,,4671
372,swh,swhSwahili,,no,Tanzania,"18,099,500",Latin,Play Store,6/1/21,12/1/22,Tanzania_Play Store,21,"andika
new
basic",AT,yes,,36,34,1.5.6.nrt,12/26/23,-,"IPS, East Africa",,2,J100000,-,In Private GitHub,,69
373,swv,swvShekhawati,GK Team,no,India,"3,000,000",Devanagari,team,2/1/24,8/1/24,India_team,?,?,?,?,"unsplash.com, pexels.com",?,?,?,?,-,,,,-,-,-,,209
374,tam,tamTamil,,no,India,"86,724,670",unconfirmed,preparing,7/1/24,,India_preparing,-,-,-,-,,-,,-,,-,,,,-,-,-,,25
375,tcfH,tcfHuehuetepec,,yes,Mexico,0,Latin,preparing,3/1/23,,Mexico_preparing,-,-,-,-,,-,,-,,-,,,,-,-,-,,1972
376,tcf,tcfMalinaltepec,,no,Mexico,"37,500",Latin,Play Store,2/1/22,3/1/22,Mexico_Play Store,19,"charis
sil",AT,yes,,27,36,0.8.6,,2.9.0.1,AT,10/31/25,2,E1110,-,-,,1973
377,tcf2,tcfMalinaltepec2,Mexico 2024,yes,Mexico,"37,500",Latin,team,12/1/23,1/1/24,Mexico_team,21,"charis
sil",AT,yes,,26,34,1.6.0,1/21/24,-,,,3,-,-,-,,1972
378,tcf3,tcfMalinaltepec3,Mexico 2024,yes,Mexico,"37,500",Latin,team,1/1/24,1/1/24,Mexico_team,21,"charis
sil",AT,yes,,26,34,1.6.3,1/26/24,-,,,3,-,-,-,,1972
379,tcfZ,tcfZilacayotitlan,Mexico 2024,anotherVariety,Mexico,0,Latin,team,12/1/23,1/1/24,Mexico_team,21,"charis
sil",AT,yes,,24,34,1.6.0,1/16/24,-,,,3,-,-,-,,1972
380,tdc,tdcEmberaTado,,no,Colombia,"2,300",Latin,preparing,5/1/21,,Colombia_preparing,-,-,-,-,,-,,-,,-,,,,-,-,-,,4291
381,tea,teaTemiar,,no,Malaysia,"32,000",Latin,team,5/1/23,2/1/25,Malaysia_team,21,"andika
new
basic",AT,yes,local artists,63,36,2.7.1,8/2/25,-,,,2,-,-,-,,2650
382,tgb,tgbTobilung,,no,Malaysia,"4,000",Latin,preparing,4/1/21,,Malaysia_preparing,-,-,-,-,,-,,-,,-,,,,-,-,-,,3825
383,tgk,tgkTajik,,no,Tajikistan,"8,195,120",Cyrillic,preparing,5/1/22,,Tajikistan_preparing,-,-,-,-,,-,,-,,-,,,,-,-,-,,107
384,tgl,tglTagalog,,no,Philippines,"82,312,160",Latin,team,9/1/22,7/1/24,Philippines_team,21,"andika
new
basic",AT,yes,ARCODI,36,35,2.3.3,11/26/24,-,,,3,-,-,-,,58
385,tnn,tnnNorthTana,,no,Vanuatu,"5,000",Latin,inquiry,2/1/21,,Vanuatu_inquiry,-,-,-,-,,-,,-,,-,,,,-,-,-,,3617
386,tod,todToma,,no,Guinea,"260,000",Latin,preparing,11/1/25,,Guinea_preparing,-,-,-,-,,-,,-,,-,,,,-,-,-,,
387,ton,tonTongan,,no,Tonga,"188,830",Latin,Play Store,7/1/24,12/1/25,Tonga_Play Store,3rdP,3rdP,3rdP,3rdP,local artists,3rdP,3rdP,3rdP,3rdP,1.2 (different versioning system),Friends of Tonga,1/26/26,,-,-,-,,991
388,too,tooSanFelipeTotonaco,,no,Mexico,"3,000",Latin,preparing,7/1/24,,Mexico_preparing,-,-,-,-,,-,,-,,-,,,,-,-,-,,4037
389,tpi,tpiTokPisin,,no,Papua New Guinea,"122,000",Latin,preparing,4/1/23,,Papua New Guinea_preparing,-,-,-,-,,-,,-,,-,,,,-,-,-,,1192
390,tpl,tplTlacoapa,,no,Mexico,"7,500",Latin,Play Store,1/1/22,3/1/22,Mexico_Play Store,21,charissil_lit_amarea,AT,yes,,48,36,1.0.9,,2.9.0.1,AT,10/31/25,2,G11110,-,-,,3285
391,tpl2,tplTlacoapa2,Mexico 2024,yes,Mexico,"7,500",Latin,team,12/1/23,1/1/24,Mexico_team,21,"charis
sil",AT,yes,,27,34,1.5.8,1/11/24,-,,,3,-,-,-,,3285
392,tpp,tppTepehuaPisa,,no,Mexico,"4,000",Latin,preparing,5/1/21,,Mexico_preparing,-,-,-,-,,-,,-,,-,,,,-,-,-,,3820
393,tpt,tptTepehuaTlachichilco,Mexico 2025,no,Mexico,"3,000",Latin,team,5/1/21,7/1/25,Mexico_team,21,"charis
sil",AT,yes,,,36,2.7.0,7/9/25,-,,,8,-,-,-,,4035
394,tpu,tpuTampuan,,no,Cambodia,"31,000",Khmer,preparing,6/1/24,,Cambodia_preparing,-,-,-,-,,-,,-,,-,,,,-,-,-,,2078
395,tpx,tpxAcatepec,,no,Mexico,"30,200",Latin,Play Store,5/1/22,7/1/22,Mexico_Play Store,21,"charis
sil",AT,yes,,28,32,0.9.2,,2.9.0.1,AT,10/30/25,2,G11110,-,-,,1899
396,tpx2,tpxAcatepec2,Mexico 2024,yes,Mexico,"30,200",Latin,team,12/1/23,1/1/24,Mexico_team,21,"charis
sil",AT,yes,,18,34,1.6.3,1/29/24,-,,-,3,,-,-,,1899
397,tpxT,tpxTeocuitlapa,,anotherVariety,Mexico,0,Latin,Play Store,7/1/20,7/1/20,Mexico_Play Store,21,"charis
sil",AT,yes,,19,34,1.5.1,11/6/23,1.5.1,AT,11/6/23,1,F11111,-,,,1899
398,trs,trsChicahuaxtla,Mexico 2024,no,Mexico,"4,060",Latin,team,12/1/23,1/1/24,Mexico_team,21,"charis
sil",AT,yes,,28,34,1.5.9,1/11/24,-,,,3,-,-,-,,3813
399,trw,trwTorwali,,no,Pakistan,"130,000",Arabic,preparing,3/1/25,,Pakistan_preparing,-,-,-,-,,-,,-,,-,,,7,-,-,-,,1289
400,tsb,tsbTsamakko,,no,Ethiopia,"19,200",Latin,preparing,2/1/22,,Ethiopia_preparing,-,-,-,-,,-,,-,,-,,,,-,-,-,,2539
401,tth,tthTaoiq,,no,Laos,"49,900",Lao,team,3/1/23,6/1/23,Laos_team,21,"charis
sil",AT,yes,Flaticon,17,33,1.4.4,6/23/23,-,,,?,H00000,-,-,"The latest version of this app (1.4.4) had trial audio recorded by a non-native speaker of Ta'oiq, and is missing some images.",1791
402,ttj,ttjRutooro,,no,Uganda,"846,000",Latin,team,6/1/23,10/1/23,Uganda_team,21,"charis
sil",AT,yes,,19,34,1.5.0,10/21/23,-,,,3,J10000,-,-,,450
403,tuo,tuoTukano,,no,Brazil,"11,620",Latin,preparing,9/1/24,,Brazil_preparing,-,-,-,-,,-,,-,,-,,,,-,-,-,,2874
404,tuq2,tuqTedaga,,no,Chad,"130,490",Latin,team,1/1/25,3/1/25,Chad_team,21,"charis
sil",AT,yes,,27,35,2.5.0,3/21/25,-,,,6,,-,-,,1696
405,tuq,tuqTubu,,yes,Chad,"130,490",Latin,preparing,9/1/21,,Chad_preparing,-,-,-,-,,-,,-,,-,,,,-,-,-,,1696
406,tvu,tvuTunen,Cameroon 2025,no,Cameroon,"40,000",Latin,team,8/1/24,9/1/25,Cameroon_team,21,"andika
new
basic",FB,yes,,17,36,2.8.0,9/21/25,-,,,,-,-,-,,1898
407,txo,txoToto,,no,India,"1,400",unconfirmed,preparing,6/1/23,,India_preparing,-,-,-,-,,-,,-,,-,,,,-,-,-,,4649
408,tyx,tyxTekeTyee2,,no,Congo,"14,400",Latin,Play Store,3/1/23,3/1/23,Congo_Play Store,21,"charis
sil",AT,yes,,37,36,2.5.0,3/19/25,2.8.0,AT,10/20/25,2/8,G00000,-,-,,2703
409,tzh,tzhTzeltal,Mexico 2021,no,Mexico,"589,000",Latin,community,3/1/21,5/1/21,Mexico_community,16,"charis
sil",AT,yes,,41,30,0.5.0,5/13/21,-,,,1,C9110,-,,,554
410,tzh2,tzhTzeltal2,,yes,Mexico,"589,000",Latin,preparing,7/1/24,,Mexico_preparing,-,-,-,-,,-,,-,,-,,,,-,-,-,,554
411,tzj,tzjTzutujil,,no,Guatemala,"7,240",Latin,preparing,7/1/22,,Guatemala_preparing,-,-,-,-,,-,,-,,-,,,,-,-,-,,1519
412,tzj2,tzjTzutujil2,,yes,Guatemala,"7,240",Latin,preparing,9/1/24,,Guatemala_preparing,-,-,-,-,,-,,-,,-,,,,-,-,-,,1519
413,udl,udlWuzlam,,no,Cameroon,"10,500",Latin,team,3/1/23,3/1/23,Cameroon_team,21,"charis
sil",AT,yes,,30,32,1.2.3,3/14/23,-,,,2,G00000,-,-,,2931
414,ukr,ukrUkrainian,,no,Ukraine,"27,430,530",Cyrillic,preparing,4/1/22,,Ukraine_preparing,-,-,-,-,,-,,-,,-,,,,-,-,-,,55
415,unr,unrMundari,,no,India,"1,170,280",Kalinga,preparing,2/1/24,,India_preparing,-,-,-,-,,-,,-,,-,,,,-,-,-,,369
416,urd,urdUrdu,,no,Pakistan,"231,295,440",Arabic,team,1/1/23,6/1/23,Pakistan_team,21,scheherazade_new,AT,yes,,15,34,1.6.0,1/17/24,-,,,2,J00000,-,-,,29
417,urdUV,urdUrduVowels,,yes,Pakistan,0,Arabic,team,1/1/24,10/1/24,Pakistan_team,21,notonastaliqurdu_bold,AT,yes,,20,34,2.1.4,10/14/24,-,,,5,J00000,-,-,,29
418,vas,vasVasavi,,no,India,"187,000",Devanagari,preparing,5/1/23,,India_preparing,-,-,-,-,Flaticon,-,,-,,-,,,,-,-,-,,993
419,vig,vigViemo,,no,Burkina Faso,"8,000",Latin,Play Store,6/1/23,12/1/23,Burkina Faso_Play Store,21,"charis
sil",AT,yes,,27,34,1.6.2,1/23/24,2.8.0,AT,11/3/25,3,J00000,-,,,3212
420,vmc,vmcJuxtlahuaca,CSEIIO May 2025,no,Mexico,"16,000",Latin,preparing,3/1/25,,Mexico_preparing,-,-,-,-,,-,,-,,-,,,,-,-,-,,2597
421,vmj,vmjIxtayutla,,no,Mexico,"6,380",Latin,Play Store,2/1/22,8/1/22,Mexico_Play Store,21,"charis
sil",AT,yes,,16,36,2.8.0,8/27/25,2.8.0,AT,8/27/25,2,G11100,-,In Private GitHub,"Built without tile audio games at team's request even though language pack has tile audio (Nov 14, 2022)",3428
422,vmj2,vmjIxtayutla2,CSEIIO May 2025,yes,Mexico,"6,380",Latin,preparing,3/1/25,,Mexico_preparing,-,-,-,-,,-,,-,,-,,,,-,-,-,,3427
423,vmy,vmySureste,CSEIIO May 2025,no,Mexico,"3,700",Latin,team,3/1/25,5/1/25,Mexico_team,21,"charis
sil",AT,yes,,21,35,2.6.3,5/30/25,-,,,,-,-,-,,3903
424,vmz,vmzMazatlanMazatec,,yes,Mexico,"12,000",Latin,preparing,7/1/21,,Mexico_preparing,-,-,-,-,,-,,-,,-,,,,-,-,-,,2815
425,vmz2,vmzMazatlanMazateco2,CSEIIO May 2025,no,Mexico,"12,000",Latin,team,4/1/25,5/1/25,Mexico_team,21,"charis
sil",AT,yes,,20,35,2.6.3,5/30/25,-,,,,-,-,-,,2815
426,wbi,wbiVwanji,,no,Tanzania,"41,800",Latin,Play Store,2/1/24,4/1/24,Tanzania_Play Store,21,"andika
new
basic",AT,yes,,36,35,2.2.3,12/6/24,2.5.2,Kalaam,4/25/25,4,,-,,,1884
427,wbr,wbrWagri,GK Team,no,India,"3,390,000",Devanagari,team,2/1/24,8/1/24,India_team,?,?,?,?,"unsplash.com, pexels.com",?,?,?,?,-,,,,-,-,-,,201
428,wew,wewWejewa,,no,Indonesia,"55,000",Latin,preparing,1/1/21,,Indonesia_preparing,-,-,-,-,,-,,-,,-,,,,-,-,-,,1697
429,wol,wolWolof,,no,Senegal,"5,926,290",Latin,preparing,4/1/22,,Senegal_preparing,-,-,-,-,,-,,-,,-,,,,-,-,-,,134
430,wol2,wolWolof2,,yes,Senegal,"5,926,290",unconfirmed,preparing,4/1/24,,Senegal_preparing,-,-,-,-,,-,,-,,-,,,,-,-,-,,134
431,wol3,wolWolof3,Senegal 2026,yes,Senegal,"5,926,290",Latin,team,1/1/26,2/1/26,Senegal_team,21,"andika
new
basic",SIL Senegal,yes,,-,36,-,2/6/26,-,,,6b,-,-,-,,
432,wry,wryMerwari,,no,India,"3,900,000",Devanagari,preparing,2/1/24,,India_preparing,-,-,-,-,,-,,-,,-,,,,-,-,-,,184
433,wsg,wsgGondi,,no,India,"2,910,000",Telugu,preparing,2/1/24,,India_preparing,-,-,-,-,"unsplash.com, pexels.com",-,,-,,-,,,,-,-,-,,770
434,xed,xedHdi,EMDC 2024,no,Cameroon,"29,000",Latin,team,4/1/23,5/1/24,Cameroon_team,21,"charis
sil",n/a,yes,,24,34,-,5/24/24,-,,,,-,-,-,,2150
435,xin,xinXinca,,no,Guatemala,0,Latin,preparing,11/1/23,,Guatemala_preparing,-,-,-,-,,-,,-,,-,,,,-,-,-,,#N/A
436,xta,xtaAlcozauca,,no,Mexico,"10,000",Latin,team,2/1/21,7/1/22,Mexico_team,19,"charis
sil",AT,yes,,25,32,0.9.2,7/24/22,-,,,2,F11100,-,-,,2950
437,xtj,xtjSanJuanTeita,Mexico 2024,no,Mexico,370,Latin,team,12/1/23,1/1/24,Mexico_team,21,"charis
sil",AT,yes,,27,34,1.6.2,1/24/24,-,,,3,,-,-,,5450
438,xtl,xtlTijaltepec,,no,Mexico,"3,250",Latin,preparing,6/1/25,,Mexico_preparing,-,-,-,-,,-,,-,,-,,,,-,-,-,,3983
439,xtm,xtmSanPedroElAlto,Mexico 2021,no,Mexico,"7,350",Latin,team,3/1/21,5/1/21,Mexico_team,21,"andika
new
basic",AT,yes,,29,34,2.1.2,10/30/24,-,,,1,C0110,-,-,,3299
440,xtm2,xtmTlacotepec2,CSEIIO May 2025,anotherVariety,Mexico,"7,350",Latin,team,4/1/25,5/1/25,Mexico_team,21,"charis
sil",AT,yes,,20,35,2.6.3,5/30/25,-,,,,-,-,-,,3299
441,xuj,xujJennuKurumba,,no,India,"101,000",Devanagari,Play Store,7/1/22,8/1/22,India_Play Store,21,"charis
sil",AT,yes,"unsplash.com, pexels.com, flaticon.com",,unknown,2.6.1,5/23/25,-,Voice of Hope,,2,F11100,-,In Private GitHub,,2005
442,yao,yaoYao,Kenya 2024,no,Malawi,"3,728,000",Latin,team,8/1/23,6/1/24,Malawi_team,21,"andika
new
basic",AT,yes,,82,35,2..5.6,4/15/25,-,,,4,,-,,,226
443,ybb,ybbYemba,,no,Cameroon,"300,000",Latin,preparing,9/1/21,,Cameroon_preparing,-,-,-,-,,-,,-,,-,,,,-,-,-,,768
444,ymr,ymrMalasar,,no,India,"7,760",Devanagari,Play Store,12/1/24,6/1/25,India_Play Store,21,unknown,"Wyc
India",unknown,"unsplash.com, pexels.com, flaticon.com",unknown,unknown,unknown,unknown,2.1.4,W P T,12/18/24,,-,-,-,,3256
445,yrl,yrlNhengatu,,no,Brazil,"6,000",Latin,preparing,6/1/21,,Brazil_preparing,-,-,-,-,,-,,-,,-,,,,-,-,-,,2709
446,yuaM,yuaMaya,,no,Mexico,"775,000",Latin,preparing,8/1/22,,Mexico_preparing,-,-,-,-,,-,,-,,-,,,,-,-,-,,434
447,yuaMY,yuaMayaYucateco,,yes,Mexico,"775,000",Latin,preparing,6/1/24,,Mexico_preparing,-,-,-,-,,-,,-,,-,,,,-,-,-,,434
448,yue2,yueEngCantonese,,anotherScript,China,"85,576,570",Latin,preparing,3/1/25,,China_preparing,-,-,-,-,Lead-M (HK) ,-,,-,,-,,,,-,-,-,,18
449,yue,yueyueCantonese,,no,China,"85,576,570",Chinese Simplified,team,2/1/22,8/1/24,China_team,21,noto_sans_hk,AT,yes,Lead-M (HK) ,34,35,2.5.8.2 (177),4/28/25,-,,,6,-,-,-,,18
450,zaa,zaaSantiagoLalopa,CSEIIO May 2025,no,Mexico,"4,000",Latin,team,4/1/25,5/1/25,Mexico_team,21,"charis
sil",AT,yes,,17,35,2.6.2,5/30/25,-,,,,-,-,-,,3798
451,zab2,zabGuelavia,,anotherVariety,Mexico,"28,000",Latin,preparing,7/1/22,,Mexico_preparing,-,-,-,-,,-,,-,,-,,,,-,-,-,,2160
452,zab3,zabQuialana3,,anotherVariety,Mexico,"28,000",Latin,preparing,7/1/25,,Mexico_preparing,-,-,-,-,,-,,-,,-,,,,-,-,-,,2159
453,zab,zabTeotitlan,,no,Mexico,"28,000",Latin,team,4/1/22,9/1/24,Mexico_team,21,"charis
sil",AT,yes,,37,34,2.1.2,9/10/24,-,,,,-,-,-,,2160
454,zab3,zabTlacolula3,CSEIIO May 2025,anotherVariety,Mexico,"28,000",Latin,preparing,4/1/25,,Mexico_preparing,-,-,-,-,,-,,-,,-,,,,-,-,-,,2160
455,zad,zadYaganiza,,no,Mexico,"5,000",Latin,preparing,3/1/21,,Mexico_preparing,-,-,-,-,,-,,-,,-,,,,-,-,-,,3591
456,zai,zaiIstmo,CSEIIO May 2025,no,Mexico,"85,000",Latin,team,3/1/25,5/1/25,Mexico_team,21,"charis
sil",AT,yes,,18,35,2.6.2,5/30/25,-,,,,-,-,-,,1418
457,zai2,zaiIstmo2,CSEIIO May 2025,yes,Mexico,"85,000",Latin,preparing,3/1/25,,Mexico_preparing,-,-,-,-,,-,,-,,-,,,,-,-,-,,1418
458,zai3,zaiIstmo3,CSEIIO May 2025,yes,Mexico,"85,000",Latin,preparing,3/1/25,,Mexico_preparing,-,-,-,-,,-,,-,,-,,,,-,-,-,,1417
459,zai4,zaiIstmo4,CSEIIO May 2025,yes,Mexico,"85,000",Latin,preparing,3/1/25,,Mexico_preparing,-,-,-,-,,-,,-,,-,,,,-,-,-,,1417
460,zar,zarRincon,CSEIIO 2024,no,Mexico,"29,200",Latin,team,9/1/24,9/1/24,Mexico_team,21,"charis
sil",AT,yes,,18,34,2.1.0,9/11/24,-,,,5,-,-,-,,2142
461,zar3,zarTaleadeCastro,CSEIIO May 2025,anotherVariety,Mexico,"29,200",Latin,team,5/1/25,5/1/25,Mexico_team,21,"charis
sil",AT,yes,,18,35,2.6.3,5/30/25,-,,,,-,-,-,,2140
462,zar2,zarYaviche,CSEIIO May 2025,anotherVariety,Mexico,"29,200",Latin,preparing,3/1/25,,Mexico_preparing,-,-,-,-,,-,,-,,-,,,,-,-,-,,2141
463,zat,zatSolaga,CSEIIO 2024,no,Mexico,"2,000",Latin,team,8/1/24,9/1/24,Mexico_team,21,"charis
sil",AT,yes,,25,35,2.6.3,5/30/25,-,,,5,-,-,-,,4324
464,zaw,zawMitla,,no,Mexico,"19,500",Latin,community,12/1/20,12/1/20,Mexico_community,16,"charis
sil",AT,yes,,44,30,0.4.6,,-,,,1,C0110,-,In Private GitHub,"1) Waiting for them to confirm picture permissions
2) Hoping they will add more words to represent remaining tiles
3) Change game name from language name to other?",2474
465,zaw2,zawMitla2,,yes,Mexico,"19,500",Latin,team,6/1/25,7/1/25,Mexico_team,21,"charis
sil",AT,yes,ARCODI,25,36,2.9.3,2/19/26,-,,,8,-,-,-,,2474
466,zca,zcaCoatecasAltas,,yes,Mexico,"4,880",Latin,preparing,3/1/25,,Mexico_preparing,-,-,-,-,,-,,-,,-,,,,-,-,-,,3691
467,zca2,zcaCoatecasAltas2,CSEIIO May 2025,no,Mexico,"4,880",Latin,team,5/1/25,5/1/25,Mexico_team,21,"charis
sil",AT,yes,,17,35,2.6.3,5/30/25,-,,,,-,-,-,,3691
468,zga,zgaKinga,,no,Tanzania,"217,000",Latin,preparing,9/1/24,,Tanzania_preparing,-,-,-,-,,-,,-,,-,,,,-,-,-,,911
469,zne,zneZande,,no,Democratic Republic of the Congo,"1,663,000",Latin,preparing,8/1/25,,Democratic Republic of the Congo_preparing,-,-,-,-,,-,,-,,-,,,,-,-,-,,369
470,zoh,zohChimalapa,CSEIIO 2024,no,Mexico,"4,500",Latin,team,9/1/24,9/1/24,Mexico_team,21,"charis
sil",AT,yes,,28,35,2.6.3,5/30/25,-,,,5,-,-,-,,3718
471,zoh2,zohZoque2,CSEIIO May 2025,anotherVariety,Mexico,"4,500",Latin,team,4/1/25,5/1/25,Mexico_team,21,"charis
sil",AT,yes,,18,35,2.6.3,5/30/25,-,,,,-,-,-,,3717
472,zpc,zpcChoapan,CSEIIO May 2025,no,Mexico,"12,000",Latin,team,4/1/25,5/1/25,Mexico_team,21,"charis
sil",AT,yes,,21,35,2.6.3,5/30/25,-,,,,-,-,-,,2796
473,zpf,zpfQuiatoni,,no,Mexico,"14,800",Latin,community,8/1/20,9/1/20,Mexico_community,16,"charis
sil",AT,yes,,14,?,0.4.2,,-,,,1,C0110,-,In Private GitHub,,2676
474,zpl,zplLachixio,,no,Mexico,"6,500",Latin,preparing,9/1/24,,Mexico_preparing,-,-,-,-,,-,,-,,-,,,,-,-,-,,3379
475,zpo,zpoAmatlan,Mexico 2021,no,Mexico,"10,000",Latin,community,3/1/21,5/1/21,Mexico_community,16,"charis
sil",AT,yes,,17,30,0.5.3,6/10/21,-,,,1,C0110,-,In Private GitHub,,2936
476,zpq,zpqZoogocho,CSEIIO May 2025,no,Mexico,"1,000",Latin,team,5/1/25,5/1/25,Mexico_team,21,"charis
sil",AT,yes,,25,35,2.6.3,5/30/25,-,,,,-,-,-,,4806
477,zpr,zprSierraSur,CSEIIO May 2025,no,Mexico,"2,500",Latin,team,3/1/25,5/1/25,Mexico_team,21,"charis
sil",AT,yes,,17,35,2.6.3,5/30/25,-,,,,-,-,-,,4158
478,zpt,zptCoatlan,CSEIIO 2024,no,Mexico,"3,380",Latin,team,8/1/24,9/1/24,Mexico_team,21,"charis
sil",AT,yes,,26,35,2.6.3,5/30/25,-,,,5,-,-,-,,3941
479,zpv,zpvChichicapam,,no,Mexico,"2,720",Latin,Play Store,11/1/22,2/1/23,Mexico_Play Store,21,"charis
sil",AT,yes,,21,35,1.5.9,1/15/24,2.6.4,AT,6/12/25,2,G11100,-,In Private GitHub,,4117
480,zpw,zpwZaniza,CSEIIO May 2025,no,Mexico,770,Latin,preparing,4/1/25,,Mexico_preparing,-,-,-,-,,-,,-,,-,,,,-,-,-,,5031
481,zrg,zrgMirgan,,no,India,"60,000",Devanagari,Play Store,10/1/24,5/1/25,India_Play Store,21,unknown,"Wyc
India",unknown,"pexels.com, unsplash.com, flaticon.com",unknown,unknown,unknown,unknown,2.6.1,W P T,5/30/25,,-,-,-,,1610
482,ztg2,ztgOzolotepec2,Mexico 2025,yes,Mexico,"6,500",Latin,team,6/1/25,7/1/25,Mexico_team,21,"charis
sil",AT,yes,,,36,2.7.0,7/9/25,-,,,8,-,-,-,,4153
483,ztg,ztgSierraSur,Mexico 2021,no,Mexico,"6,500",Latin,community,3/1/21,5/1/21,Mexico_community,17,"charis
sil",AT,yes,,19,30,0.7.2,8/16/21,-,,,1,C0110,-,In Private GitHub,,4154
484,ztl,ztlGuivini,Mexico 2025,no,Mexico,"4,200",Latin,team,6/1/25,7/1/25,Mexico_team,21,"charis
sil",AT,yes,,,36,2.7.0,7/9/25,-,,,8,-,-,-,,3746
485,ztn,ztnAlbarradas,,no,Mexico,"1,000",Latin,preparing,4/1/22,,Mexico_preparing,-,-,-,-,,-,,-,,-,,,,-,-,-,,4800
486,ztp,ztpLoxicha,Mexico 2021,no,Mexico,"75,000",Latin,community,3/1/21,5/1/21,Mexico_community,16,"charis
sil",AT,yes,,32,30,0.5.2,5/26/21,-,,,1,C0110,-,In Private GitHub,,1483
487,ztp2,ztpLoxicha2,Mexico 2024,yes,Mexico,"75,000",Latin,team,12/1/23,1/1/24,Mexico_team,21,"charis
sil",AT,yes,,25,34,1.5.5,1/11/24,-,,,3,-,-,-,,1482
488,zts,ztsTilquiapam,Mexico 2024,no,Mexico,"5,000",Latin,team,12/1/23,1/1/24,Mexico_team,21,"charis
sil",AT,yes,,,36,2.7.0,7/9/25,-,,,3,-,-,-,,3572
489,ztu2,ztuGuelavila2,Mexico 2025,anotherVariety,Mexico,"9,500",Latin,team,7/1/25,7/1/25,Mexico_team,21,"charis
sil",AT,yes,,,36,2.7.0,7/9/25,-,,,8,-,-,-,,3072
490,ztu3,ztuGuila3,Mexico 2025,anotherVariety,Mexico,"9,500",Latin,team,7/1/25,7/1/25,Mexico_team,21,"charis
sil",AT,yes,,,36,2.7.0,7/9/25,-,,,8,-,-,-,,3071
491,ztu,ztuSanDionisioOcotepec,Mexico 2025,no,Mexico,"9,500",Latin,team,6/1/25,7/1/25,Mexico_team,21,"charis
sil",AT,yes,,,36,2.7.0,7/9/25,-,,,8,-,-,-,,3073
492,zty,ztyLachirioag,,yes,Mexico,"5,000",Latin,preparing,5/1/23,,Mexico_preparing,-,-,-,-,,-,,-,,-,,,,-,-,-,,3569
493,zty2,ztyLachirioag2,CSEIIO 2024,no,Mexico,"5,000",Latin,team,9/1/24,9/1/24,Mexico_team,21,"charis
sil",AT,yes,,17,34,2.1.2,9/13/24,-,,,5,-,-,-,,3568
494,zty3,ztyLachirioag3,CSEIIO May 2025,yes,Mexico,"5,000",Latin,preparing,4/1/25,,Mexico_preparing,-,-,-,-,,-,,-,,-,,,,-,-,-,,3567